train/1980.png,375,986,419,1044,Pedestrian
train/1980.png,1374,249,1410,299,Pedestrian
train/1980.png,73,1074,116,1085,Pedestrian
train/1980.png,231,1078,282,1088,Pedestrian
train/1980.png,1410,718,1422,768,Pedestrian
train/1980.png,1099,0,1151,11,Pedestrian
train/1980.png,547,759,575,813,Pedestrian
train/1980.png,496,967,530,1006,Pedestrian
train/1980.png,0,244,9,299,Pedestrian
train/1980.png,1414,636,1422,691,Pedestrian
train/1980.png,569,752,603,784,Pedestrian
train/1980.png,0,362,9,412,Pedestrian
train/1980.png,352,1049,397,1083,Pedestrian
train/1980.png,83,553,146,616,Biker
train/1980.png,142,589,197,639,Biker
train/1980.png,39,632,100,709,Biker
train/1980.png,1046,745,1103,800,Biker
train/1980.png,504,952,532,983,Pedestrian
train/1980.png,306,986,346,1040,Pedestrian
train/1980.png,575,979,601,1010,Pedestrian
train/1980.png,31,355,83,410,Pedestrian
train/1980.png,280,1024,324,1054,Pedestrian
train/1960.png,383,986,427,1044,Pedestrian
train/1960.png,1366,253,1406,303,Pedestrian
train/1960.png,73,1074,116,1085,Pedestrian
train/1960.png,231,1078,282,1088,Pedestrian
train/1960.png,1410,718,1422,768,Pedestrian
train/1960.png,1099,0,1151,11,Pedestrian
train/1960.png,547,759,575,813,Pedestrian
train/1960.png,496,967,530,1006,Pedestrian
train/1960.png,0,244,9,299,Pedestrian
train/1960.png,1414,636,1422,691,Pedestrian
train/1960.png,569,752,603,784,Pedestrian
train/1960.png,0,362,9,412,Pedestrian
train/1960.png,354,1051,399,1083,Pedestrian
train/1960.png,90,639,154,702,Biker
train/1960.png,150,655,205,702,Biker
train/1960.png,45,550,106,627,Biker
train/1960.png,994,775,1052,829,Biker
train/1960.png,520,954,547,986,Pedestrian
train/1960.png,294,995,338,1049,Pedestrian
train/1960.png,575,981,601,1013,Pedestrian
train/1960.png,31,358,83,412,Pedestrian
train/1960.png,272,1040,316,1069,Pedestrian
train/1940.png,391,986,435,1044,Pedestrian
train/1940.png,1360,260,1402,310,Pedestrian
train/1940.png,73,1074,116,1085,Pedestrian
train/1940.png,231,1078,282,1088,Pedestrian
train/1940.png,1410,718,1422,768,Pedestrian
train/1940.png,1099,0,1151,11,Pedestrian
train/1940.png,549,759,577,813,Pedestrian
train/1940.png,496,967,530,1006,Pedestrian
train/1940.png,0,244,9,299,Pedestrian
train/1940.png,1414,636,1422,691,Pedestrian
train/1940.png,569,752,603,786,Pedestrian
train/1940.png,0,362,9,412,Pedestrian
train/1940.png,356,1054,401,1083,Pedestrian
train/1940.png,100,723,164,786,Biker
train/1940.png,138,714,191,757,Biker
train/1940.png,57,466,118,544,Biker
train/1940.png,935,797,992,852,Biker
train/1940.png,532,958,559,990,Pedestrian
train/1940.png,284,1004,330,1058,Pedestrian
train/1940.png,575,983,601,1015,Pedestrian
train/1940.png,29,358,81,412,Pedestrian
train/1940.png,263,1047,306,1078,Pedestrian
train/1920.png,407,976,450,1035,Pedestrian
train/1920.png,1335,262,1376,312,Pedestrian
train/1920.png,73,1074,116,1085,Pedestrian
train/1920.png,231,1078,282,1088,Pedestrian
train/1920.png,1410,718,1422,768,Pedestrian
train/1920.png,1095,0,1147,34,Pedestrian
train/1920.png,555,759,585,813,Pedestrian
train/1920.png,496,967,530,1006,Pedestrian
train/1920.png,0,244,9,299,Pedestrian
train/1920.png,1414,636,1422,691,Pedestrian
train/1920.png,569,754,603,786,Pedestrian
train/1920.png,0,362,9,412,Pedestrian
train/1920.png,356,1054,403,1083,Pedestrian
train/1920.png,108,813,172,877,Biker
train/1920.png,138,766,191,809,Biker
train/1920.png,55,385,116,462,Biker
train/1920.png,876,820,933,877,Biker
train/1920.png,539,963,569,995,Pedestrian
train/1920.png,272,1015,320,1069,Pedestrian
train/1920.png,575,983,601,1013,Pedestrian
train/1920.png,29,360,81,414,Pedestrian
train/1920.png,253,1049,296,1083,Pedestrian
train/1900.png,425,974,468,1031,Pedestrian
train/1900.png,1309,267,1350,317,Pedestrian
train/1900.png,73,1074,116,1085,Pedestrian
train/1900.png,231,1078,282,1088,Pedestrian
train/1900.png,1410,718,1422,768,Pedestrian
train/1900.png,1085,0,1135,40,Pedestrian
train/1900.png,555,761,585,816,Pedestrian
train/1900.png,496,967,530,1006,Pedestrian
train/1900.png,0,244,9,299,Pedestrian
train/1900.png,1414,636,1422,691,Pedestrian
train/1900.png,569,754,603,788,Pedestrian
train/1900.png,0,362,9,412,Pedestrian
train/1900.png,357,1056,403,1083,Pedestrian
train/1900.png,116,904,179,967,Biker
train/1900.png,134,822,191,868,Biker
train/1900.png,51,310,112,387,Biker
train/1900.png,810,845,868,902,Biker
train/1900.png,543,967,573,999,Pedestrian
train/1900.png,270,1026,318,1078,Pedestrian
train/1900.png,575,983,601,1013,Pedestrian
train/1900.png,29,360,81,414,Pedestrian
train/1900.png,253,1049,296,1083,Pedestrian
train/1880.png,445,972,486,1029,Pedestrian
train/1880.png,1287,265,1329,315,Pedestrian
train/1880.png,73,1074,116,1085,Pedestrian
train/1880.png,231,1078,282,1088,Pedestrian
train/1880.png,1372,720,1408,770,Pedestrian
train/1880.png,1062,6,1113,72,Pedestrian
train/1880.png,555,766,585,820,Pedestrian
train/1880.png,496,967,530,1006,Pedestrian
train/1880.png,0,244,9,299,Pedestrian
train/1880.png,1414,636,1422,691,Pedestrian
train/1880.png,571,757,605,788,Pedestrian
train/1880.png,0,362,9,412,Pedestrian
train/1880.png,359,1058,405,1083,Pedestrian
train/1880.png,126,1004,189,1060,Biker
train/1880.png,132,893,189,938,Biker
train/1880.png,43,235,104,312,Biker
train/1880.png,749,861,808,920,Biker
train/1880.png,545,967,575,999,Pedestrian
train/1880.png,259,1047,308,1083,Pedestrian
train/1880.png,575,983,601,1013,Pedestrian
train/1880.png,27,358,81,412,Pedestrian
train/1880.png,253,1049,296,1083,Pedestrian
train/1860.png,470,956,514,1013,Pedestrian
train/1860.png,1267,258,1309,308,Pedestrian
train/1860.png,73,1074,116,1085,Pedestrian
train/1860.png,231,1078,282,1088,Pedestrian
train/1860.png,1352,720,1388,770,Pedestrian
train/1860.png,1066,13,1117,81,Pedestrian
train/1860.png,561,768,591,822,Pedestrian
train/1860.png,496,967,530,1006,Pedestrian
train/1860.png,0,244,9,299,Pedestrian
train/1860.png,1414,636,1422,691,Pedestrian
train/1860.png,571,757,605,791,Pedestrian
train/1860.png,0,362,9,412,Pedestrian
train/1860.png,359,1058,407,1083,Pedestrian
train/1860.png,140,1015,203,1078,Biker
train/1860.png,134,945,191,990,Biker
train/1860.png,37,158,98,235,Biker
train/1860.png,692,870,751,929,Biker
train/1860.png,545,967,575,999,Pedestrian
train/1860.png,259,1033,308,1083,Pedestrian
train/1860.png,575,983,601,1013,Pedestrian
train/1860.png,27,349,81,403,Pedestrian
train/1860.png,255,1049,298,1083,Pedestrian
train/1840.png,492,938,535,997,Pedestrian
train/1840.png,1249,253,1291,303,Pedestrian
train/1840.png,73,1074,116,1085,Pedestrian
train/1840.png,231,1078,282,1088,Pedestrian
train/1840.png,1333,720,1368,770,Pedestrian
train/1840.png,1046,20,1095,88,Pedestrian
train/1840.png,573,768,605,822,Pedestrian
train/1840.png,496,967,530,1006,Pedestrian
train/1840.png,0,244,9,299,Pedestrian
train/1840.png,1414,636,1422,691,Pedestrian
train/1840.png,571,757,605,791,Pedestrian
train/1840.png,0,362,9,412,Pedestrian
train/1840.png,361,1060,409,1083,Pedestrian
train/1840.png,140,1015,203,1078,Biker
train/1840.png,136,1001,193,1049,Biker
train/1840.png,31,77,92,151,Biker
train/1840.png,630,870,690,927,Biker
train/1840.png,545,967,575,999,Pedestrian
train/1840.png,259,1033,308,1083,Pedestrian
train/1840.png,575,983,601,1013,Pedestrian
train/1840.png,25,344,81,398,Pedestrian
train/1840.png,255,1049,298,1083,Pedestrian
train/1820.png,514,922,557,981,Pedestrian
train/1820.png,1226,265,1267,315,Pedestrian
train/1820.png,73,1074,116,1085,Pedestrian
train/1820.png,231,1078,282,1088,Pedestrian
train/1820.png,1305,729,1340,779,Pedestrian
train/1820.png,1022,47,1073,115,Pedestrian
train/1820.png,577,768,609,822,Pedestrian
train/1820.png,496,967,530,1006,Pedestrian
train/1820.png,0,244,9,299,Pedestrian
train/1820.png,1414,636,1422,691,Pedestrian
train/1820.png,571,759,605,793,Pedestrian
train/1820.png,0,362,9,412,Pedestrian
train/1820.png,363,1063,409,1083,Pedestrian
train/1820.png,138,1015,201,1078,Biker
train/1820.png,140,1038,197,1083,Biker
train/1820.png,39,2,92,61,Biker
train/1820.png,577,870,632,927,Biker
train/1820.png,545,965,575,997,Pedestrian
train/1820.png,257,1033,306,1083,Pedestrian
train/1820.png,575,983,601,1013,Pedestrian
train/1820.png,25,342,81,396,Pedestrian
train/1820.png,255,1049,298,1083,Pedestrian
train/1800.png,532,918,575,976,Pedestrian
train/1800.png,1204,276,1246,326,Pedestrian
train/1800.png,69,1054,112,1085,Pedestrian
train/1800.png,231,1078,282,1088,Pedestrian
train/1800.png,1275,738,1311,788,Pedestrian
train/1800.png,992,70,1044,138,Pedestrian
train/1800.png,581,768,613,822,Pedestrian
train/1800.png,496,967,530,1006,Pedestrian
train/1800.png,0,244,9,299,Pedestrian
train/1800.png,1414,636,1422,691,Pedestrian
train/1800.png,573,759,607,793,Pedestrian
train/1800.png,0,362,9,412,Pedestrian
train/1800.png,363,1063,411,1083,Pedestrian
train/1800.png,136,1015,199,1078,Biker
train/1800.png,140,1038,197,1083,Biker
train/1800.png,49,0,100,52,Biker
train/1800.png,516,859,573,915,Biker
train/1800.png,545,965,575,997,Pedestrian
train/1800.png,257,1033,306,1083,Pedestrian
train/1800.png,575,983,601,1013,Pedestrian
train/1800.png,23,340,79,394,Pedestrian
train/1800.png,257,1049,300,1083,Pedestrian
train/1780.png,551,915,595,974,Pedestrian
train/1780.png,1182,290,1224,340,Pedestrian
train/1780.png,71,1031,114,1076,Pedestrian
train/1780.png,231,1078,282,1088,Pedestrian
train/1780.png,1251,741,1287,791,Pedestrian
train/1780.png,979,77,1030,145,Pedestrian
train/1780.png,583,768,615,822,Pedestrian
train/1780.png,496,967,530,1006,Pedestrian
train/1780.png,0,244,9,299,Pedestrian
train/1780.png,1414,636,1422,691,Pedestrian
train/1780.png,573,761,607,795,Pedestrian
train/1780.png,0,362,9,412,Pedestrian
train/1780.png,365,1065,413,1083,Pedestrian
train/1780.png,134,1015,197,1078,Biker
train/1780.png,140,1038,197,1083,Biker
train/1780.png,49,0,100,52,Biker
train/1780.png,458,881,516,938,Biker
train/1780.png,541,967,571,999,Pedestrian
train/1780.png,257,1033,306,1083,Pedestrian
train/1780.png,575,983,601,1013,Pedestrian
train/1780.png,23,340,79,394,Pedestrian
train/1780.png,257,1047,300,1083,Pedestrian
train/1760.png,575,902,619,958,Pedestrian
train/1760.png,1162,306,1204,355,Pedestrian
train/1760.png,75,1008,118,1060,Pedestrian
train/1760.png,231,1078,282,1088,Pedestrian
train/1760.png,1228,743,1263,793,Pedestrian
train/1760.png,967,83,1016,151,Pedestrian
train/1760.png,585,768,617,822,Pedestrian
train/1760.png,496,967,530,1006,Pedestrian
train/1760.png,0,244,9,299,Pedestrian
train/1760.png,1414,636,1422,691,Pedestrian
train/1760.png,573,761,607,795,Pedestrian
train/1760.png,0,362,9,412,Pedestrian
train/1760.png,367,1067,415,1083,Pedestrian
train/1760.png,134,1015,195,1078,Biker
train/1760.png,138,1038,197,1083,Biker
train/1760.png,49,0,100,54,Biker
train/1760.png,403,902,460,958,Biker
train/1760.png,535,967,565,999,Pedestrian
train/1760.png,255,1033,304,1083,Pedestrian
train/1760.png,575,983,601,1013,Pedestrian
train/1760.png,21,337,79,392,Pedestrian
train/1760.png,259,1047,302,1083,Pedestrian
train/1740.png,601,888,644,945,Pedestrian
train/1740.png,1143,319,1184,369,Pedestrian
train/1740.png,79,986,122,1044,Pedestrian
train/1740.png,231,1054,282,1085,Pedestrian
train/1740.png,1206,745,1240,795,Pedestrian
train/1740.png,945,102,994,170,Pedestrian
train/1740.png,585,768,619,822,Pedestrian
train/1740.png,496,967,530,1006,Pedestrian
train/1740.png,0,244,9,299,Pedestrian
train/1740.png,1414,636,1422,691,Pedestrian
train/1740.png,573,761,607,797,Pedestrian
train/1740.png,0,362,9,412,Pedestrian
train/1740.png,367,1067,415,1083,Pedestrian
train/1740.png,132,1015,193,1078,Biker
train/1740.png,138,1038,197,1083,Biker
train/1740.png,49,0,100,56,Biker
train/1740.png,352,920,409,976,Biker
train/1740.png,535,963,565,995,Pedestrian
train/1740.png,255,1033,304,1083,Pedestrian
train/1740.png,575,983,601,1013,Pedestrian
train/1740.png,19,335,77,389,Pedestrian
train/1740.png,259,1047,302,1083,Pedestrian
train/1720.png,626,874,670,931,Pedestrian
train/1720.png,1125,335,1166,385,Pedestrian
train/1720.png,83,956,126,1015,Pedestrian
train/1720.png,243,1035,294,1081,Pedestrian
train/1720.png,1182,748,1216,797,Pedestrian
train/1720.png,923,122,973,190,Pedestrian
train/1720.png,587,768,621,822,Pedestrian
train/1720.png,496,967,530,1006,Pedestrian
train/1720.png,0,244,9,299,Pedestrian
train/1720.png,1414,636,1422,691,Pedestrian
train/1720.png,575,763,609,797,Pedestrian
train/1720.png,0,362,9,412,Pedestrian
train/1720.png,369,1069,417,1083,Pedestrian
train/1720.png,130,1015,193,1078,Biker
train/1720.png,138,1038,197,1083,Biker
train/1720.png,49,0,100,56,Biker
train/1720.png,306,938,363,995,Biker
train/1720.png,535,958,565,990,Pedestrian
train/1720.png,253,1033,302,1083,Pedestrian
train/1720.png,569,979,597,1010,Pedestrian
train/1720.png,19,333,77,387,Pedestrian
train/1720.png,259,1047,302,1083,Pedestrian
train/1700.png,650,863,694,920,Pedestrian
train/1700.png,1111,349,1153,398,Pedestrian
train/1700.png,87,929,130,988,Pedestrian
train/1700.png,259,1015,310,1069,Pedestrian
train/1700.png,1160,750,1194,800,Pedestrian
train/1700.png,909,133,959,201,Pedestrian
train/1700.png,589,768,623,822,Pedestrian
train/1700.png,496,967,530,1006,Pedestrian
train/1700.png,0,244,9,299,Pedestrian
train/1700.png,1414,636,1422,691,Pedestrian
train/1700.png,575,763,609,800,Pedestrian
train/1700.png,0,362,9,412,Pedestrian
train/1700.png,371,1072,419,1083,Pedestrian
train/1700.png,128,1015,191,1078,Biker
train/1700.png,136,1038,197,1083,Biker
train/1700.png,49,0,100,58,Biker
train/1700.png,261,958,318,1015,Biker
train/1700.png,535,958,565,990,Pedestrian
train/1700.png,253,1033,302,1083,Pedestrian
train/1700.png,565,981,593,1013,Pedestrian
train/1700.png,19,333,77,387,Pedestrian
train/1700.png,261,1047,304,1083,Pedestrian
train/1680.png,674,852,717,908,Pedestrian
train/1680.png,1097,362,1139,414,Pedestrian
train/1680.png,90,902,134,961,Pedestrian
train/1680.png,274,992,326,1047,Pedestrian
train/1680.png,1137,752,1170,802,Pedestrian
train/1680.png,897,145,947,213,Pedestrian
train/1680.png,591,768,624,822,Pedestrian
train/1680.png,496,967,530,1006,Pedestrian
train/1680.png,0,244,9,299,Pedestrian
train/1680.png,1414,636,1422,691,Pedestrian
train/1680.png,575,766,609,800,Pedestrian
train/1680.png,0,362,9,412,Pedestrian
train/1680.png,373,1074,421,1083,Pedestrian
train/1680.png,126,1015,189,1078,Biker
train/1680.png,136,1038,197,1083,Biker
train/1680.png,49,0,100,61,Biker
train/1680.png,223,986,280,1040,Biker
train/1680.png,535,958,565,990,Pedestrian
train/1680.png,251,1031,300,1083,Pedestrian
train/1680.png,569,981,597,1010,Pedestrian
train/1680.png,19,337,77,392,Pedestrian
train/1680.png,261,1047,304,1083,Pedestrian
train/1660.png,700,840,743,897,Pedestrian
train/1660.png,1083,376,1125,428,Pedestrian
train/1660.png,100,877,144,936,Pedestrian
train/1660.png,292,974,344,1029,Pedestrian
train/1660.png,1113,768,1149,818,Pedestrian
train/1660.png,880,154,929,222,Pedestrian
train/1660.png,593,768,626,822,Pedestrian
train/1660.png,496,967,530,1006,Pedestrian
train/1660.png,0,244,9,299,Pedestrian
train/1660.png,1414,636,1422,691,Pedestrian
train/1660.png,575,766,609,802,Pedestrian
train/1660.png,0,362,9,412,Pedestrian
train/1660.png,381,1060,429,1085,Pedestrian
train/1660.png,126,1015,187,1078,Biker
train/1660.png,134,1038,197,1083,Biker
train/1660.png,49,0,100,61,Biker
train/1660.png,189,1015,247,1069,Biker
train/1660.png,535,958,565,992,Pedestrian
train/1660.png,251,1031,300,1083,Pedestrian
train/1660.png,565,976,595,1008,Pedestrian
train/1660.png,21,342,79,396,Pedestrian
train/1660.png,261,1047,304,1083,Pedestrian
train/1640.png,727,825,771,881,Pedestrian
train/1640.png,1069,389,1113,444,Pedestrian
train/1640.png,112,852,156,911,Pedestrian
train/1640.png,308,961,359,1015,Pedestrian
train/1640.png,1097,793,1131,843,Pedestrian
train/1640.png,856,163,907,226,Pedestrian
train/1640.png,593,768,628,822,Pedestrian
train/1640.png,496,967,530,1006,Pedestrian
train/1640.png,0,244,9,299,Pedestrian
train/1640.png,1414,636,1422,691,Pedestrian
train/1640.png,577,768,611,804,Pedestrian
train/1640.png,0,362,9,412,Pedestrian
train/1640.png,389,1047,435,1083,Pedestrian
train/1640.png,124,1015,185,1078,Biker
train/1640.png,134,1038,197,1083,Biker
train/1640.png,47,2,100,63,Biker
train/1640.png,162,1026,219,1081,Biker
train/1640.png,535,958,565,992,Pedestrian
train/1640.png,251,1031,300,1083,Pedestrian
train/1640.png,561,967,591,999,Pedestrian
train/1640.png,23,346,81,401,Pedestrian
train/1640.png,263,1044,306,1083,Pedestrian
train/1620.png,755,811,799,868,Pedestrian
train/1620.png,1056,414,1099,469,Pedestrian
train/1620.png,124,829,168,888,Pedestrian
train/1620.png,324,947,375,1001,Pedestrian
train/1620.png,1085,811,1119,861,Pedestrian
train/1620.png,834,170,888,231,Pedestrian
train/1620.png,595,768,630,822,Pedestrian
train/1620.png,496,967,530,1006,Pedestrian
train/1620.png,0,244,9,299,Pedestrian
train/1620.png,1414,636,1422,691,Pedestrian
train/1620.png,573,761,607,797,Pedestrian
train/1620.png,0,362,9,412,Pedestrian
train/1620.png,401,1042,446,1083,Pedestrian
train/1620.png,122,1015,183,1078,Biker
train/1620.png,134,1038,197,1083,Biker
train/1620.png,47,2,100,65,Biker
train/1620.png,164,1026,219,1081,Biker
train/1620.png,535,961,565,995,Pedestrian
train/1620.png,249,1031,298,1083,Pedestrian
train/1620.png,557,963,587,995,Pedestrian
train/1620.png,23,353,81,408,Pedestrian
train/1620.png,263,1044,306,1083,Pedestrian
train/1600.png,783,797,826,854,Pedestrian
train/1600.png,1044,426,1085,480,Pedestrian
train/1600.png,136,800,179,859,Pedestrian
train/1600.png,342,929,393,983,Pedestrian
train/1600.png,1079,838,1113,888,Pedestrian
train/1600.png,810,176,866,238,Pedestrian
train/1600.png,597,768,632,822,Pedestrian
train/1600.png,496,967,530,1006,Pedestrian
train/1600.png,0,244,9,299,Pedestrian
train/1600.png,1414,636,1422,691,Pedestrian
train/1600.png,569,757,603,793,Pedestrian
train/1600.png,0,364,23,414,Pedestrian
train/1600.png,409,1035,452,1078,Pedestrian
train/1600.png,120,1015,183,1078,Biker
train/1600.png,132,1038,197,1083,Biker
train/1600.png,47,2,100,65,Biker
train/1600.png,166,1026,219,1081,Biker
train/1600.png,532,961,561,995,Pedestrian
train/1600.png,249,1031,298,1083,Pedestrian
train/1600.png,557,963,587,995,Pedestrian
train/1600.png,23,360,81,414,Pedestrian
train/1600.png,265,1044,308,1083,Pedestrian
train/1580.png,812,784,856,840,Pedestrian
train/1580.png,1014,442,1058,496,Pedestrian
train/1580.png,148,772,191,831,Pedestrian
train/1580.png,359,911,411,965,Pedestrian
train/1580.png,1077,870,1113,920,Pedestrian
train/1580.png,789,185,844,242,Pedestrian
train/1580.png,599,768,634,822,Pedestrian
train/1580.png,496,967,530,1006,Pedestrian
train/1580.png,0,244,9,299,Pedestrian
train/1580.png,1414,636,1422,691,Pedestrian
train/1580.png,577,766,613,800,Pedestrian
train/1580.png,0,360,27,410,Pedestrian
train/1580.png,417,1026,460,1069,Pedestrian
train/1580.png,120,1015,181,1078,Biker
train/1580.png,132,1038,197,1083,Biker
train/1580.png,47,2,100,68,Biker
train/1580.png,168,1026,219,1078,Biker
train/1580.png,528,961,557,995,Pedestrian
train/1580.png,247,1031,296,1083,Pedestrian
train/1580.png,557,961,587,992,Pedestrian
train/1580.png,19,371,67,426,Pedestrian
train/1580.png,265,1044,308,1083,Pedestrian
train/1560.png,838,766,878,820,Pedestrian
train/1560.png,1004,455,1048,512,Pedestrian
train/1560.png,160,748,201,804,Pedestrian
train/1560.png,377,893,427,947,Pedestrian
train/1560.png,1069,897,1105,945,Pedestrian
train/1560.png,765,192,824,247,Pedestrian
train/1560.png,601,768,636,822,Pedestrian
train/1560.png,496,967,530,1006,Pedestrian
train/1560.png,0,256,21,310,Pedestrian
train/1560.png,1414,636,1422,691,Pedestrian
train/1560.png,573,759,609,795,Pedestrian
train/1560.png,0,353,35,398,Pedestrian
train/1560.png,415,1015,458,1058,Pedestrian
train/1560.png,118,1015,179,1078,Biker
train/1560.png,132,1038,197,1083,Biker
train/1560.png,47,2,100,70,Biker
train/1560.png,170,1029,217,1078,Biker
train/1560.png,526,961,555,997,Pedestrian
train/1560.png,247,1031,296,1083,Pedestrian
train/1560.png,557,961,587,992,Pedestrian
train/1560.png,13,376,57,423,Pedestrian
train/1560.png,265,1044,308,1083,Pedestrian
train/1540.png,864,748,901,802,Pedestrian
train/1540.png,988,487,1030,544,Pedestrian
train/1540.png,172,729,207,777,Pedestrian
train/1540.png,395,879,443,931,Pedestrian
train/1540.png,1062,922,1105,965,Pedestrian
train/1540.png,743,201,802,253,Pedestrian
train/1540.png,607,782,642,831,Pedestrian
train/1540.png,496,967,530,1006,Pedestrian
train/1540.png,0,272,27,324,Pedestrian
train/1540.png,1398,636,1420,686,Pedestrian
train/1540.png,575,759,609,795,Pedestrian
train/1540.png,0,342,37,387,Pedestrian
train/1540.png,415,1006,458,1049,Pedestrian
train/1540.png,116,1015,178,1078,Biker
train/1540.png,130,1038,197,1083,Biker
train/1540.png,47,2,100,70,Biker
train/1540.png,172,1029,217,1076,Biker
train/1540.png,526,961,555,999,Pedestrian
train/1540.png,245,1031,294,1083,Pedestrian
train/1540.png,557,961,587,992,Pedestrian
train/1540.png,9,380,47,421,Pedestrian
train/1540.png,267,1044,310,1083,Pedestrian
train/1520.png,890,729,923,782,Pedestrian
train/1520.png,971,505,1008,553,Pedestrian
train/1520.png,183,711,213,750,Pedestrian
train/1520.png,413,865,456,915,Pedestrian
train/1520.png,1052,947,1105,986,Pedestrian
train/1520.png,719,208,781,258,Pedestrian
train/1520.png,617,784,652,834,Pedestrian
train/1520.png,496,967,530,1006,Pedestrian
train/1520.png,0,292,25,337,Pedestrian
train/1520.png,1388,612,1422,666,Pedestrian
train/1520.png,575,759,611,797,Pedestrian
train/1520.png,3,330,45,376,Pedestrian
train/1520.png,417,1006,454,1047,Pedestrian
train/1520.png,114,1015,176,1078,Biker
train/1520.png,130,1038,197,1083,Biker
train/1520.png,47,2,100,72,Biker
train/1520.png,174,1029,217,1076,Biker
train/1520.png,524,961,553,1001,Pedestrian
train/1520.png,245,1031,294,1083,Pedestrian
train/1520.png,553,961,587,995,Pedestrian
train/1520.png,7,385,39,430,Pedestrian
train/1520.png,267,1044,310,1083,Pedestrian
train/1520.png,0,213,23,244,Biker
train/1520.png,0,893,29,938,Biker
train/1520.png,27,1058,67,1083,Pedestrian
train/1520.png,781,149,814,190,Pedestrian
train/1520.png,563,1022,599,1065,Pedestrian
train/1520.png,557,741,597,768,Pedestrian
train/1500.png,917,714,947,763,Pedestrian
train/1500.png,953,525,988,562,Pedestrian
train/1500.png,197,693,221,725,Pedestrian
train/1500.png,433,852,472,902,Pedestrian
train/1500.png,1044,972,1105,1008,Pedestrian
train/1500.png,698,217,761,265,Pedestrian
train/1500.png,623,779,658,834,Pedestrian
train/1500.png,496,967,530,1006,Pedestrian
train/1500.png,0,312,23,351,Pedestrian
train/1500.png,1366,605,1410,657,Pedestrian
train/1500.png,571,754,609,793,Pedestrian
train/1500.png,3,328,49,380,Pedestrian
train/1500.png,421,1006,452,1044,Pedestrian
train/1500.png,114,1015,176,1078,Biker
train/1500.png,130,1038,197,1085,Biker
train/1500.png,47,4,100,74,Biker
train/1500.png,176,1031,217,1076,Biker
train/1500.png,524,961,553,1006,Pedestrian
train/1500.png,245,1031,294,1085,Pedestrian
train/1500.png,549,963,587,997,Pedestrian
train/1500.png,5,389,33,439,Pedestrian
train/1500.png,268,1044,312,1083,Pedestrian
train/1500.png,0,213,23,244,Biker
train/1500.png,0,893,29,938,Biker
train/1500.png,27,1058,67,1083,Pedestrian
train/1500.png,781,149,814,190,Pedestrian
train/1500.png,563,1022,599,1065,Pedestrian
train/1500.png,557,741,597,768,Pedestrian
train/1480.png,945,700,975,750,Pedestrian
train/1480.png,935,539,971,575,Pedestrian
train/1480.png,215,670,239,702,Pedestrian
train/1480.png,454,845,494,895,Pedestrian
train/1480.png,1044,995,1105,1031,Pedestrian
train/1480.png,674,217,737,265,Pedestrian
train/1480.png,632,777,668,831,Pedestrian
train/1480.png,0,337,21,376,Pedestrian
train/1480.png,1346,584,1390,636,Pedestrian
train/1480.png,571,754,609,793,Pedestrian
train/1480.png,5,324,53,376,Pedestrian
train/1480.png,421,1004,452,1042,Pedestrian
train/1480.png,520,958,547,1001,Pedestrian
train/1480.png,549,963,587,997,Pedestrian
train/1480.png,5,389,33,439,Pedestrian
train/1480.png,0,213,23,244,Biker
train/1480.png,0,893,29,938,Biker
train/1480.png,27,1058,67,1083,Pedestrian
train/1480.png,783,149,816,190,Pedestrian
train/1480.png,563,1022,599,1065,Pedestrian
train/1480.png,557,741,597,768,Pedestrian
train/1460.png,973,686,1002,736,Pedestrian
train/1460.png,917,553,953,589,Pedestrian
train/1460.png,233,648,257,680,Pedestrian
train/1460.png,478,840,518,890,Pedestrian
train/1460.png,1046,1017,1107,1054,Pedestrian
train/1460.png,652,219,715,267,Pedestrian
train/1460.png,642,775,678,829,Pedestrian
train/1460.png,0,346,25,385,Pedestrian
train/1460.png,1327,566,1370,618,Pedestrian
train/1460.png,571,754,609,793,Pedestrian
train/1460.png,9,319,59,371,Pedestrian
train/1460.png,421,1001,452,1040,Pedestrian
train/1460.png,516,956,543,999,Pedestrian
train/1460.png,549,963,587,997,Pedestrian
train/1460.png,5,389,33,439,Pedestrian
train/1460.png,0,213,23,244,Biker
train/1460.png,0,893,29,938,Biker
train/1460.png,27,1058,67,1083,Pedestrian
train/1460.png,785,149,818,190,Pedestrian
train/1460.png,563,1022,599,1065,Pedestrian
train/1460.png,557,741,597,768,Pedestrian
train/1440.png,1002,675,1032,725,Pedestrian
train/1440.png,901,568,937,605,Pedestrian
train/1440.png,253,625,276,657,Pedestrian
train/1440.png,508,818,547,868,Pedestrian
train/1440.png,1044,1049,1105,1085,Pedestrian
train/1440.png,630,222,694,269,Pedestrian
train/1440.png,652,775,688,829,Pedestrian
train/1440.png,0,344,25,383,Pedestrian
train/1440.png,1307,548,1352,600,Pedestrian
train/1440.png,571,754,609,793,Pedestrian
train/1440.png,15,319,67,371,Pedestrian
train/1440.png,421,999,452,1038,Pedestrian
train/1440.png,512,954,539,999,Pedestrian
train/1440.png,549,963,587,997,Pedestrian
train/1440.png,5,389,33,439,Pedestrian
train/1440.png,0,213,23,244,Biker
train/1440.png,0,893,29,938,Biker
train/1440.png,27,1058,67,1083,Pedestrian
train/1440.png,785,149,818,190,Pedestrian
train/1440.png,563,1022,599,1065,Pedestrian
train/1440.png,557,741,597,768,Pedestrian
train/1420.png,1026,655,1056,704,Pedestrian
train/1420.png,884,587,919,623,Pedestrian
train/1420.png,265,612,288,643,Pedestrian
train/1420.png,532,809,571,859,Pedestrian
train/1420.png,1044,1049,1105,1085,Pedestrian
train/1420.png,603,222,666,269,Pedestrian
train/1420.png,650,784,686,838,Pedestrian
train/1420.png,0,342,25,380,Pedestrian
train/1420.png,1281,539,1327,591,Pedestrian
train/1420.png,571,754,609,793,Pedestrian
train/1420.png,27,319,79,371,Pedestrian
train/1420.png,421,997,452,1035,Pedestrian
train/1420.png,506,954,535,999,Pedestrian
train/1420.png,549,963,587,997,Pedestrian
train/1420.png,5,389,33,439,Pedestrian
train/1420.png,0,213,23,244,Biker
train/1420.png,0,893,29,938,Biker
train/1420.png,27,1058,67,1083,Pedestrian
train/1420.png,787,149,820,190,Pedestrian
train/1420.png,563,1022,599,1065,Pedestrian
train/1420.png,557,741,597,768,Pedestrian
train/1400.png,1052,634,1081,684,Pedestrian
train/1400.png,868,605,903,641,Pedestrian
train/1400.png,276,584,300,616,Pedestrian
train/1400.png,555,802,595,852,Pedestrian
train/1400.png,1044,1049,1105,1085,Pedestrian
train/1400.png,577,226,640,274,Pedestrian
train/1400.png,650,795,686,850,Pedestrian
train/1400.png,0,340,25,378,Pedestrian
train/1400.png,1255,532,1301,584,Pedestrian
train/1400.png,571,754,609,793,Pedestrian
train/1400.png,37,315,89,367,Pedestrian
train/1400.png,421,997,452,1035,Pedestrian
train/1400.png,502,954,532,999,Pedestrian
train/1400.png,549,963,587,997,Pedestrian
train/1400.png,5,389,33,439,Pedestrian
train/1400.png,0,213,23,244,Biker
train/1400.png,0,893,29,938,Biker
train/1400.png,27,1058,67,1083,Pedestrian
train/1400.png,785,151,818,192,Pedestrian
train/1400.png,563,1022,599,1065,Pedestrian
train/1400.png,557,741,597,768,Pedestrian
train/1380.png,1073,616,1103,666,Pedestrian
train/1380.png,848,612,884,648,Pedestrian
train/1380.png,296,568,320,600,Pedestrian
train/1380.png,577,791,617,840,Pedestrian
train/1380.png,1044,1049,1105,1085,Pedestrian
train/1380.png,557,231,621,278,Pedestrian
train/1380.png,652,809,688,863,Pedestrian
train/1380.png,0,337,25,376,Pedestrian
train/1380.png,1228,539,1273,591,Pedestrian
train/1380.png,571,754,609,793,Pedestrian
train/1380.png,47,306,98,358,Pedestrian
train/1380.png,419,995,450,1033,Pedestrian
train/1380.png,496,952,526,997,Pedestrian
train/1380.png,549,963,587,997,Pedestrian
train/1380.png,5,389,33,439,Pedestrian
train/1380.png,0,213,23,244,Biker
train/1380.png,0,893,29,938,Biker
train/1380.png,27,1058,67,1083,Pedestrian
train/1380.png,779,158,812,199,Pedestrian
train/1380.png,563,1022,601,1065,Pedestrian
train/1380.png,557,741,597,768,Pedestrian
train/1360.png,1097,598,1127,648,Pedestrian
train/1360.png,828,618,864,655,Pedestrian
train/1360.png,320,566,344,598,Pedestrian
train/1360.png,599,779,638,829,Pedestrian
train/1360.png,1044,1049,1105,1085,Pedestrian
train/1360.png,535,235,599,283,Pedestrian
train/1360.png,656,822,692,877,Pedestrian
train/1360.png,0,335,25,374,Pedestrian
train/1360.png,1202,546,1247,598,Pedestrian
train/1360.png,571,754,609,793,Pedestrian
train/1360.png,55,299,106,351,Pedestrian
train/1360.png,419,995,450,1033,Pedestrian
train/1360.png,492,949,522,995,Pedestrian
train/1360.png,549,963,587,997,Pedestrian
train/1360.png,5,389,33,439,Pedestrian
train/1360.png,0,213,23,244,Biker
train/1360.png,0,893,29,938,Biker
train/1360.png,27,1058,67,1083,Pedestrian
train/1360.png,773,165,806,206,Pedestrian
train/1360.png,563,1022,601,1065,Pedestrian
train/1360.png,557,741,597,768,Pedestrian
train/1340.png,1121,580,1151,630,Pedestrian
train/1340.png,808,625,844,661,Pedestrian
train/1340.png,344,564,367,596,Pedestrian
train/1340.png,621,768,660,818,Pedestrian
train/1340.png,1044,1049,1105,1085,Pedestrian
train/1340.png,516,240,579,287,Pedestrian
train/1340.png,658,836,694,890,Pedestrian
train/1340.png,0,333,25,371,Pedestrian
train/1340.png,1190,550,1236,602,Pedestrian
train/1340.png,571,754,609,793,Pedestrian
train/1340.png,65,290,116,342,Pedestrian
train/1340.png,419,995,450,1033,Pedestrian
train/1340.png,488,947,518,992,Pedestrian
train/1340.png,549,963,587,997,Pedestrian
train/1340.png,5,389,33,439,Pedestrian
train/1340.png,0,213,23,244,Biker
train/1340.png,0,893,29,938,Biker
train/1340.png,27,1058,67,1083,Pedestrian
train/1340.png,767,172,801,213,Pedestrian
train/1340.png,563,1022,601,1065,Pedestrian
train/1340.png,557,741,597,768,Pedestrian
train/1320.png,1145,562,1174,612,Pedestrian
train/1320.png,789,632,824,668,Pedestrian
train/1320.png,369,562,393,593,Pedestrian
train/1320.png,644,759,684,809,Pedestrian
train/1320.png,1044,1049,1105,1085,Pedestrian
train/1320.png,496,247,559,294,Pedestrian
train/1320.png,662,850,698,904,Pedestrian
train/1320.png,0,330,25,369,Pedestrian
train/1320.png,1194,553,1240,605,Pedestrian
train/1320.png,571,754,609,793,Pedestrian
train/1320.png,75,283,126,335,Pedestrian
train/1320.png,417,995,450,1031,Pedestrian
train/1320.png,484,947,514,992,Pedestrian
train/1320.png,549,963,587,997,Pedestrian
train/1320.png,5,389,33,439,Pedestrian
train/1320.png,0,213,23,244,Biker
train/1320.png,0,893,29,938,Biker
train/1320.png,27,1058,67,1083,Pedestrian
train/1320.png,761,179,795,219,Pedestrian
train/1320.png,563,1022,601,1065,Pedestrian
train/1320.png,557,741,597,768,Pedestrian
train/1300.png,1162,546,1192,596,Pedestrian
train/1300.png,767,634,802,670,Pedestrian
train/1300.png,397,559,421,591,Pedestrian
train/1300.png,662,743,702,793,Pedestrian
train/1300.png,1044,1049,1105,1085,Pedestrian
train/1300.png,472,247,535,294,Pedestrian
train/1300.png,668,863,704,918,Pedestrian
train/1300.png,0,328,25,367,Pedestrian
train/1300.png,1206,544,1251,596,Pedestrian
train/1300.png,571,754,609,793,Pedestrian
train/1300.png,85,276,136,328,Pedestrian
train/1300.png,417,995,448,1031,Pedestrian
train/1300.png,482,947,512,992,Pedestrian
train/1300.png,543,963,581,997,Pedestrian
train/1300.png,5,389,33,439,Pedestrian
train/1300.png,0,213,23,244,Biker
train/1300.png,0,893,29,938,Biker
train/1300.png,27,1058,67,1083,Pedestrian
train/1300.png,755,188,789,228,Pedestrian
train/1300.png,563,1022,601,1065,Pedestrian
train/1300.png,557,741,597,768,Pedestrian
train/1280.png,1182,532,1212,582,Pedestrian
train/1280.png,745,636,781,673,Pedestrian
train/1280.png,425,557,448,589,Pedestrian
train/1280.png,682,729,721,779,Pedestrian
train/1280.png,1044,1049,1105,1085,Pedestrian
train/1280.png,448,247,512,294,Pedestrian
train/1280.png,674,877,710,931,Pedestrian
train/1280.png,0,326,25,364,Pedestrian
train/1280.png,1220,537,1265,589,Pedestrian
train/1280.png,571,754,609,793,Pedestrian
train/1280.png,94,269,146,321,Pedestrian
train/1280.png,417,992,448,1031,Pedestrian
train/1280.png,480,949,510,995,Pedestrian
train/1280.png,537,963,575,997,Pedestrian
train/1280.png,5,389,33,439,Pedestrian
train/1280.png,0,213,23,244,Biker
train/1280.png,0,893,29,938,Biker
train/1280.png,27,1058,67,1083,Pedestrian
train/1280.png,749,197,783,238,Pedestrian
train/1280.png,563,1022,601,1065,Pedestrian
train/1280.png,557,741,597,768,Pedestrian
train/1260.png,1200,516,1230,566,Pedestrian
train/1260.png,723,639,759,675,Pedestrian
train/1260.png,452,557,476,589,Pedestrian
train/1260.png,702,714,741,763,Pedestrian
train/1260.png,1044,1049,1105,1085,Pedestrian
train/1260.png,425,247,488,294,Pedestrian
train/1260.png,680,890,715,945,Pedestrian
train/1260.png,0,324,25,362,Pedestrian
train/1260.png,1234,530,1279,582,Pedestrian
train/1260.png,571,754,609,793,Pedestrian
train/1260.png,106,262,158,315,Pedestrian
train/1260.png,415,992,448,1029,Pedestrian
train/1260.png,478,952,508,997,Pedestrian
train/1260.png,534,963,571,997,Pedestrian
train/1260.png,5,389,33,439,Pedestrian
train/1260.png,0,224,25,256,Biker
train/1260.png,0,893,29,938,Biker
train/1260.png,27,1058,67,1083,Pedestrian
train/1260.png,743,208,777,249,Pedestrian
train/1260.png,565,1022,603,1063,Pedestrian
train/1260.png,557,741,597,768,Pedestrian
train/1240.png,1220,503,1249,553,Pedestrian
train/1240.png,702,641,737,677,Pedestrian
train/1240.png,480,555,504,587,Pedestrian
train/1240.png,721,700,761,750,Pedestrian
train/1240.png,1044,1049,1105,1085,Pedestrian
train/1240.png,401,247,464,294,Pedestrian
train/1240.png,686,904,721,958,Pedestrian
train/1240.png,0,321,25,360,Pedestrian
train/1240.png,1247,523,1293,575,Pedestrian
train/1240.png,571,754,609,793,Pedestrian
train/1240.png,116,258,168,310,Pedestrian
train/1240.png,415,992,448,1029,Pedestrian
train/1240.png,476,954,506,999,Pedestrian
train/1240.png,528,963,565,997,Pedestrian
train/1240.png,5,389,33,439,Pedestrian
train/1240.png,3,253,43,285,Biker
train/1240.png,0,893,29,938,Biker
train/1240.png,27,1058,67,1083,Pedestrian
train/1240.png,737,217,771,258,Pedestrian
train/1240.png,565,1022,603,1063,Pedestrian
train/1240.png,557,741,597,768,Pedestrian
train/1220.png,1234,489,1263,539,Pedestrian
train/1220.png,678,646,713,682,Pedestrian
train/1220.png,506,553,530,584,Pedestrian
train/1220.png,741,682,781,732,Pedestrian
train/1220.png,1044,1049,1105,1085,Pedestrian
train/1220.png,377,247,441,294,Pedestrian
train/1220.png,690,913,725,967,Pedestrian
train/1220.png,0,319,27,358,Pedestrian
train/1220.png,1247,514,1293,566,Pedestrian
train/1220.png,571,754,609,793,Pedestrian
train/1220.png,128,251,179,303,Pedestrian
train/1220.png,415,992,446,1029,Pedestrian
train/1220.png,474,956,504,1001,Pedestrian
train/1220.png,524,963,561,997,Pedestrian
train/1220.png,5,389,33,439,Pedestrian
train/1220.png,27,281,73,312,Biker
train/1220.png,0,893,29,938,Biker
train/1220.png,27,1058,67,1083,Pedestrian
train/1220.png,729,226,763,267,Pedestrian
train/1220.png,565,1022,603,1063,Pedestrian
train/1220.png,557,741,597,768,Pedestrian
train/1200.png,1247,478,1277,528,Pedestrian
train/1200.png,654,650,690,686,Pedestrian
train/1200.png,534,550,557,582,Pedestrian
train/1200.png,761,664,801,714,Pedestrian
train/1200.png,1044,1049,1105,1085,Pedestrian
train/1200.png,354,247,417,294,Pedestrian
train/1200.png,690,915,725,970,Pedestrian
train/1200.png,0,317,27,355,Pedestrian
train/1200.png,1249,507,1295,559,Pedestrian
train/1200.png,571,754,609,793,Pedestrian
train/1200.png,138,244,189,296,Pedestrian
train/1200.png,415,992,446,1029,Pedestrian
train/1200.png,472,958,502,1004,Pedestrian
train/1200.png,520,963,557,997,Pedestrian
train/1200.png,5,389,33,439,Pedestrian
train/1200.png,71,312,116,344,Biker
train/1200.png,0,893,29,938,Biker
train/1200.png,27,1058,67,1083,Pedestrian
train/1200.png,721,235,755,276,Pedestrian
train/1200.png,565,1022,603,1063,Pedestrian
train/1200.png,557,741,597,768,Pedestrian
train/1180.png,1263,466,1293,516,Pedestrian
train/1180.png,630,655,666,691,Pedestrian
train/1180.png,561,548,585,580,Pedestrian
train/1180.png,781,646,820,695,Pedestrian
train/1180.png,1044,1049,1105,1085,Pedestrian
train/1180.png,330,247,393,294,Pedestrian
train/1180.png,690,920,725,970,Pedestrian
train/1180.png,0,315,27,353,Pedestrian
train/1180.png,1251,500,1297,553,Pedestrian
train/1180.png,571,754,609,793,Pedestrian
train/1180.png,150,240,201,292,Pedestrian
train/1180.png,413,990,446,1026,Pedestrian
train/1180.png,470,961,500,1006,Pedestrian
train/1180.png,518,963,555,997,Pedestrian
train/1180.png,5,389,33,439,Pedestrian
train/1180.png,114,344,160,376,Biker
train/1180.png,0,893,29,938,Biker
train/1180.png,27,1054,67,1083,Pedestrian
train/1180.png,712,242,745,283,Pedestrian
train/1180.png,565,1022,603,1063,Pedestrian
train/1180.png,557,741,597,768,Pedestrian
train/1160.png,1277,448,1305,498,Pedestrian
train/1160.png,609,657,644,693,Pedestrian
train/1160.png,585,546,609,578,Pedestrian
train/1160.png,801,627,840,677,Pedestrian
train/1160.png,1044,1049,1105,1085,Pedestrian
train/1160.png,308,247,371,294,Pedestrian
train/1160.png,690,922,725,972,Pedestrian
train/1160.png,0,312,27,351,Pedestrian
train/1160.png,1240,505,1285,557,Pedestrian
train/1160.png,571,754,609,793,Pedestrian
train/1160.png,158,228,209,281,Pedestrian
train/1160.png,413,990,446,1026,Pedestrian
train/1160.png,468,965,498,1010,Pedestrian
train/1160.png,514,963,551,997,Pedestrian
train/1160.png,5,389,33,439,Pedestrian
train/1160.png,168,360,213,392,Biker
train/1160.png,0,893,29,938,Biker
train/1160.png,33,1040,73,1074,Pedestrian
train/1160.png,702,249,735,290,Pedestrian
train/1160.png,565,1022,603,1063,Pedestrian
train/1160.png,557,741,597,768,Pedestrian
train/1140.png,1293,430,1317,480,Pedestrian
train/1140.png,589,661,624,698,Pedestrian
train/1140.png,609,546,632,578,Pedestrian
train/1140.png,820,609,860,659,Pedestrian
train/1140.png,1044,1049,1105,1085,Pedestrian
train/1140.png,284,249,348,296,Pedestrian
train/1140.png,692,924,725,974,Pedestrian
train/1140.png,0,310,27,349,Pedestrian
train/1140.png,1228,510,1273,562,Pedestrian
train/1140.png,571,754,609,793,Pedestrian
train/1140.png,166,217,217,269,Pedestrian
train/1140.png,413,990,445,1026,Pedestrian
train/1140.png,466,970,496,1015,Pedestrian
train/1140.png,512,961,549,995,Pedestrian
train/1140.png,5,389,33,439,Pedestrian
train/1140.png,221,378,267,410,Biker
train/1140.png,0,893,29,938,Biker
train/1140.png,45,1022,85,1060,Pedestrian
train/1140.png,694,258,727,299,Pedestrian
train/1140.png,565,1022,603,1063,Pedestrian
train/1140.png,557,741,597,768,Pedestrian
train/1120.png,1305,412,1327,464,Pedestrian
train/1120.png,567,664,603,700,Pedestrian
train/1120.png,634,546,658,578,Pedestrian
train/1120.png,834,593,874,643,Pedestrian
train/1120.png,1044,1049,1105,1085,Pedestrian
train/1120.png,263,258,326,306,Pedestrian
train/1120.png,692,929,725,974,Pedestrian
train/1120.png,0,308,27,346,Pedestrian
train/1120.png,1214,521,1259,573,Pedestrian
train/1120.png,571,754,609,793,Pedestrian
train/1120.png,176,210,227,262,Pedestrian
train/1120.png,411,990,445,1024,Pedestrian
train/1120.png,464,974,494,1020,Pedestrian
train/1120.png,508,961,545,995,Pedestrian
train/1120.png,5,389,33,439,Pedestrian
train/1120.png,280,394,326,426,Biker
train/1120.png,23,879,79,924,Biker
train/1120.png,59,1008,98,1047,Pedestrian
train/1120.png,684,265,719,306,Pedestrian
train/1120.png,565,1022,605,1063,Pedestrian
train/1120.png,557,741,597,768,Pedestrian
train/1100.png,1315,398,1336,451,Pedestrian
train/1100.png,547,668,583,704,Pedestrian
train/1100.png,662,546,686,578,Pedestrian
train/1100.png,844,580,884,630,Pedestrian
train/1100.png,1044,1049,1105,1085,Pedestrian
train/1100.png,239,262,302,310,Pedestrian
train/1100.png,692,931,727,976,Pedestrian
train/1100.png,0,306,27,344,Pedestrian
train/1100.png,1194,537,1240,589,Pedestrian
train/1100.png,571,754,609,793,Pedestrian
train/1100.png,183,208,235,260,Pedestrian
train/1100.png,411,990,445,1024,Pedestrian
train/1100.png,462,981,492,1026,Pedestrian
train/1100.png,506,961,543,995,Pedestrian
train/1100.png,5,389,33,439,Pedestrian
train/1100.png,344,410,389,442,Biker
train/1100.png,73,865,134,911,Biker
train/1100.png,75,995,114,1033,Pedestrian
train/1100.png,676,269,712,310,Pedestrian
train/1100.png,565,1022,605,1063,Pedestrian
train/1100.png,557,741,597,768,Pedestrian
train/1080.png,1325,385,1346,437,Pedestrian
train/1080.png,528,673,563,709,Pedestrian
train/1080.png,690,548,713,580,Pedestrian
train/1080.png,854,566,893,616,Pedestrian
train/1080.png,1044,1049,1105,1085,Pedestrian
train/1080.png,215,267,278,315,Pedestrian
train/1080.png,692,933,727,979,Pedestrian
train/1080.png,0,303,27,342,Pedestrian
train/1080.png,1174,555,1220,607,Pedestrian
train/1080.png,571,754,609,793,Pedestrian
train/1080.png,193,206,245,258,Pedestrian
train/1080.png,411,988,445,1024,Pedestrian
train/1080.png,460,986,490,1031,Pedestrian
train/1080.png,504,961,541,995,Pedestrian
train/1080.png,5,389,33,439,Pedestrian
train/1080.png,407,426,452,457,Biker
train/1080.png,122,852,189,897,Biker
train/1080.png,90,981,130,1020,Pedestrian
train/1080.png,668,276,706,317,Pedestrian
train/1080.png,565,1022,605,1063,Pedestrian
train/1080.png,557,741,597,768,Pedestrian
train/1060.png,1336,371,1362,423,Pedestrian
train/1060.png,502,668,539,711,Pedestrian
train/1060.png,710,544,735,571,Pedestrian
train/1060.png,864,539,903,589,Pedestrian
train/1060.png,1044,1049,1105,1085,Pedestrian
train/1060.png,197,272,253,319,Pedestrian
train/1060.png,694,938,727,979,Pedestrian
train/1060.png,0,301,27,340,Pedestrian
train/1060.png,1157,571,1200,621,Pedestrian
train/1060.png,571,754,609,793,Pedestrian
train/1060.png,207,201,257,253,Pedestrian
train/1060.png,409,988,443,1022,Pedestrian
train/1060.png,458,990,488,1035,Pedestrian
train/1060.png,510,961,547,997,Pedestrian
train/1060.png,5,389,33,439,Pedestrian
train/1060.png,476,444,522,476,Biker
train/1060.png,187,843,247,890,Biker
train/1060.png,104,965,146,1006,Pedestrian
train/1060.png,658,283,700,321,Pedestrian
train/1060.png,565,1022,605,1063,Pedestrian
train/1060.png,557,741,597,768,Pedestrian
train/1040.png,1350,360,1378,410,Pedestrian
train/1040.png,476,664,518,714,Pedestrian
train/1040.png,739,541,765,568,Pedestrian
train/1040.png,880,521,919,571,Pedestrian
train/1040.png,1044,1049,1105,1085,Pedestrian
train/1040.png,181,276,229,324,Pedestrian
train/1040.png,694,940,727,981,Pedestrian
train/1040.png,0,299,27,337,Pedestrian
train/1040.png,1141,587,1180,636,Pedestrian
train/1040.png,571,754,609,793,Pedestrian
train/1040.png,223,197,268,251,Pedestrian
train/1040.png,409,988,443,1022,Pedestrian
train/1040.png,456,995,488,1038,Pedestrian
train/1040.png,518,961,555,999,Pedestrian
train/1040.png,5,389,33,439,Pedestrian
train/1040.png,549,464,595,496,Biker
train/1040.png,253,836,304,884,Biker
train/1040.png,118,949,164,992,Pedestrian
train/1040.png,650,287,692,328,Pedestrian
train/1040.png,565,1022,605,1063,Pedestrian
train/1040.png,557,741,597,768,Pedestrian
train/1020.png,1364,349,1394,396,Pedestrian
train/1020.png,450,659,496,716,Pedestrian
train/1020.png,765,541,793,568,Pedestrian
train/1020.png,888,505,927,555,Pedestrian
train/1020.png,1044,1049,1105,1085,Pedestrian
train/1020.png,164,281,205,328,Pedestrian
train/1020.png,694,942,727,983,Pedestrian
train/1020.png,0,296,27,335,Pedestrian
train/1020.png,1123,602,1160,650,Pedestrian
train/1020.png,571,754,609,793,Pedestrian
train/1020.png,237,192,280,249,Pedestrian
train/1020.png,409,988,443,1022,Pedestrian
train/1020.png,452,995,490,1033,Pedestrian
train/1020.png,524,961,563,1001,Pedestrian
train/1020.png,5,389,33,439,Pedestrian
train/1020.png,621,476,666,507,Biker
train/1020.png,318,829,361,877,Biker
train/1020.png,132,933,179,979,Pedestrian
train/1020.png,642,294,686,333,Pedestrian
train/1020.png,565,1022,605,1063,Pedestrian
train/1020.png,557,741,597,768,Pedestrian
train/1020.png,1226,0,1281,63,Pedestrian
train/1020.png,0,829,19,870,Pedestrian
train/1020.png,1388,716,1422,775,Pedestrian
train/1020.png,69,1033,126,1085,Biker
train/1020.png,1372,668,1416,720,Biker
train/1000.png,1378,337,1410,385,Pedestrian
train/1000.png,427,655,474,718,Pedestrian
train/1000.png,777,528,824,578,Pedestrian
train/1000.png,895,476,933,548,Pedestrian
train/1000.png,1044,1049,1105,1085,Pedestrian
train/1000.png,148,285,181,333,Pedestrian
train/1000.png,696,947,729,986,Pedestrian
train/1000.png,1,294,29,335,Pedestrian
train/1000.png,1107,618,1143,666,Pedestrian
train/1000.png,571,754,609,793,Pedestrian
train/1000.png,253,190,292,247,Pedestrian
train/1000.png,409,988,443,1022,Pedestrian
train/1000.png,448,997,492,1031,Pedestrian
train/1000.png,532,963,571,1004,Pedestrian
train/1000.png,5,389,33,439,Pedestrian
train/1000.png,682,455,735,525,Biker
train/1000.png,383,822,421,870,Biker
train/1000.png,148,918,197,967,Pedestrian
train/1000.png,634,301,680,340,Pedestrian
train/1000.png,567,1024,607,1063,Pedestrian
train/1000.png,557,741,597,768,Pedestrian
train/1000.png,1253,0,1309,56,Pedestrian
train/1000.png,0,829,19,870,Pedestrian
train/1000.png,1388,716,1422,775,Pedestrian
train/1000.png,69,1033,126,1085,Biker
train/1000.png,1372,668,1416,720,Biker
train/980.png,1400,315,1422,364,Pedestrian
train/980.png,405,664,452,727,Pedestrian
train/980.png,797,532,844,582,Pedestrian
train/980.png,905,453,943,525,Pedestrian
train/980.png,126,294,160,342,Pedestrian
train/980.png,696,947,729,986,Pedestrian
train/980.png,1089,632,1125,680,Pedestrian
train/980.png,265,188,304,244,Pedestrian
train/980.png,409,988,443,1022,Pedestrian
train/980.png,445,997,488,1031,Pedestrian
train/980.png,537,961,577,1001,Pedestrian
train/980.png,759,464,812,534,Biker
train/980.png,448,820,486,868,Biker
train/980.png,164,904,213,954,Pedestrian
train/980.png,623,303,668,342,Pedestrian
train/980.png,567,1024,607,1063,Pedestrian
train/980.png,1247,0,1303,56,Pedestrian
train/980.png,0,829,19,870,Pedestrian
train/980.png,1388,716,1422,775,Pedestrian
train/980.png,69,1033,126,1085,Biker
train/980.png,1372,668,1416,720,Biker
train/960.png,1400,315,1422,364,Pedestrian
train/960.png,383,673,431,736,Pedestrian
train/960.png,820,534,868,584,Pedestrian
train/960.png,919,437,957,510,Pedestrian
train/960.png,104,303,138,351,Pedestrian
train/960.png,696,947,729,986,Pedestrian
train/960.png,1073,648,1109,695,Pedestrian
train/960.png,278,185,318,242,Pedestrian
train/960.png,409,988,443,1022,Pedestrian
train/960.png,445,997,488,1031,Pedestrian
train/960.png,541,961,581,1001,Pedestrian
train/960.png,834,476,888,546,Biker
train/960.png,514,818,551,865,Biker
train/960.png,179,893,229,942,Pedestrian
train/960.png,611,308,656,346,Pedestrian
train/960.png,567,1024,607,1063,Pedestrian
train/960.png,1244,0,1299,56,Pedestrian
train/960.png,0,829,19,870,Pedestrian
train/960.png,1388,716,1422,775,Pedestrian
train/960.png,69,1033,126,1085,Biker
train/960.png,1372,668,1416,720,Biker
train/940.png,1400,315,1422,364,Pedestrian
train/940.png,361,680,409,743,Pedestrian
train/940.png,844,537,891,587,Pedestrian
train/940.png,927,417,965,489,Pedestrian
train/940.png,83,312,116,360,Pedestrian
train/940.png,696,947,729,986,Pedestrian
train/940.png,1054,666,1089,714,Pedestrian
train/940.png,290,185,330,242,Pedestrian
train/940.png,409,988,443,1022,Pedestrian
train/940.png,445,999,488,1033,Pedestrian
train/940.png,545,961,585,1001,Pedestrian
train/940.png,907,487,961,557,Biker
train/940.png,581,809,619,856,Biker
train/940.png,195,881,245,931,Pedestrian
train/940.png,599,312,644,351,Pedestrian
train/940.png,567,1024,607,1063,Pedestrian
train/940.png,1230,0,1285,58,Pedestrian
train/940.png,0,829,19,870,Pedestrian
train/940.png,1388,716,1422,775,Pedestrian
train/940.png,69,1033,126,1085,Biker
train/940.png,1372,668,1416,720,Biker
train/920.png,1400,315,1422,364,Pedestrian
train/920.png,340,686,387,750,Pedestrian
train/920.png,870,537,917,587,Pedestrian
train/920.png,931,394,969,466,Pedestrian
train/920.png,61,324,94,371,Pedestrian
train/920.png,696,947,729,986,Pedestrian
train/920.png,1034,682,1069,729,Pedestrian
train/920.png,302,185,342,242,Pedestrian
train/920.png,409,988,443,1022,Pedestrian
train/920.png,443,999,486,1033,Pedestrian
train/920.png,547,958,587,999,Pedestrian
train/920.png,979,496,1032,566,Biker
train/920.png,648,797,686,845,Biker
train/920.png,211,870,261,920,Pedestrian
train/920.png,589,312,634,351,Pedestrian
train/920.png,567,1024,607,1063,Pedestrian
train/920.png,1210,0,1265,68,Pedestrian
train/920.png,0,829,19,870,Pedestrian
train/920.png,1388,716,1422,775,Pedestrian
train/920.png,69,1033,126,1085,Biker
train/920.png,1372,668,1416,720,Biker
train/900.png,1400,315,1422,364,Pedestrian
train/900.png,318,693,365,757,Pedestrian
train/900.png,897,537,945,587,Pedestrian
train/900.png,947,378,984,451,Pedestrian
train/900.png,39,333,73,380,Pedestrian
train/900.png,696,947,729,986,Pedestrian
train/900.png,1014,700,1050,748,Pedestrian
train/900.png,314,185,354,242,Pedestrian
train/900.png,409,988,443,1022,Pedestrian
train/900.png,443,1001,486,1035,Pedestrian
train/900.png,551,958,591,999,Pedestrian
train/900.png,1052,510,1105,580,Biker
train/900.png,717,784,755,831,Biker
train/900.png,225,854,274,904,Pedestrian
train/900.png,581,310,626,349,Pedestrian
train/900.png,567,1024,607,1063,Pedestrian
train/900.png,1192,6,1247,74,Pedestrian
train/900.png,0,829,19,870,Pedestrian
train/900.png,1388,716,1422,775,Pedestrian
train/900.png,69,1033,126,1085,Biker
train/900.png,1348,668,1392,720,Biker
train/880.png,1400,315,1422,364,Pedestrian
train/880.png,298,700,346,763,Pedestrian
train/880.png,923,534,971,584,Pedestrian
train/880.png,963,364,1000,437,Pedestrian
train/880.png,17,342,51,389,Pedestrian
train/880.png,694,947,727,986,Pedestrian
train/880.png,994,718,1030,766,Pedestrian
train/880.png,326,185,365,242,Pedestrian
train/880.png,409,988,443,1022,Pedestrian
train/880.png,441,1004,484,1038,Pedestrian
train/880.png,555,958,595,999,Pedestrian
train/880.png,1113,528,1166,598,Biker
train/880.png,787,770,824,818,Biker
train/880.png,241,840,290,890,Pedestrian
train/880.png,573,308,619,346,Pedestrian
train/880.png,567,1024,607,1063,Pedestrian
train/880.png,1172,15,1228,83,Pedestrian
train/880.png,0,829,19,870,Pedestrian
train/880.png,1388,716,1422,775,Pedestrian
train/880.png,69,1033,126,1085,Biker
train/880.png,1287,670,1331,723,Biker
train/860.png,1398,317,1420,367,Pedestrian
train/860.png,276,707,324,770,Pedestrian
train/860.png,951,532,998,582,Pedestrian
train/860.png,971,340,1008,412,Pedestrian
train/860.png,3,351,37,398,Pedestrian
train/860.png,692,947,725,986,Pedestrian
train/860.png,975,736,1010,784,Pedestrian
train/860.png,338,185,377,242,Pedestrian
train/860.png,409,988,443,1022,Pedestrian
train/860.png,441,1004,484,1038,Pedestrian
train/860.png,559,958,599,999,Pedestrian
train/860.png,1182,541,1236,612,Biker
train/860.png,854,752,891,800,Biker
train/860.png,261,825,310,874,Pedestrian
train/860.png,565,303,611,342,Pedestrian
train/860.png,567,1024,607,1063,Pedestrian
train/860.png,1155,22,1210,90,Pedestrian
train/860.png,1,811,43,850,Pedestrian
train/860.png,1388,716,1422,775,Pedestrian
train/860.png,69,1033,126,1085,Biker
train/860.png,1222,682,1265,734,Biker
train/840.png,1394,335,1418,385,Pedestrian
train/840.png,255,711,302,775,Pedestrian
train/840.png,979,532,1026,582,Pedestrian
train/840.png,980,315,1018,387,Pedestrian
train/840.png,3,351,37,398,Pedestrian
train/840.png,690,945,723,983,Pedestrian
train/840.png,957,757,992,804,Pedestrian
train/840.png,348,185,387,242,Pedestrian
train/840.png,409,988,443,1022,Pedestrian
train/840.png,441,1006,484,1040,Pedestrian
train/840.png,565,958,605,999,Pedestrian
train/840.png,1257,555,1311,625,Biker
train/840.png,915,729,953,777,Biker
train/840.png,280,811,330,861,Pedestrian
train/840.png,557,301,603,340,Pedestrian
train/840.png,567,1024,607,1063,Pedestrian
train/840.png,1137,31,1192,99,Pedestrian
train/840.png,21,779,59,820,Pedestrian
train/840.png,1388,716,1422,775,Pedestrian
train/840.png,69,1033,126,1085,Biker
train/840.png,1158,700,1202,752,Biker
train/820.png,1390,353,1416,403,Pedestrian
train/820.png,235,716,282,779,Pedestrian
train/820.png,1002,534,1050,584,Pedestrian
train/820.png,998,303,1036,376,Pedestrian
train/820.png,3,351,37,398,Pedestrian
train/820.png,692,947,725,986,Pedestrian
train/820.png,939,775,975,822,Pedestrian
train/820.png,359,185,399,242,Pedestrian
train/820.png,409,988,443,1022,Pedestrian
train/820.png,439,1008,482,1042,Pedestrian
train/820.png,569,958,609,999,Pedestrian
train/820.png,1319,571,1372,641,Biker
train/820.png,982,700,1020,748,Biker
train/820.png,298,797,348,847,Pedestrian
train/820.png,549,299,595,337,Pedestrian
train/820.png,567,1024,607,1063,Pedestrian
train/820.png,1117,38,1172,106,Pedestrian
train/820.png,35,754,73,795,Pedestrian
train/820.png,1388,716,1422,775,Pedestrian
train/820.png,69,1033,126,1085,Biker
train/820.png,1105,727,1149,779,Biker
train/800.png,1390,367,1416,417,Pedestrian
train/800.png,215,720,263,784,Pedestrian
train/800.png,1026,537,1073,587,Pedestrian
train/800.png,1016,290,1054,362,Pedestrian
train/800.png,3,351,37,398,Pedestrian
train/800.png,694,949,727,988,Pedestrian
train/800.png,919,795,955,843,Pedestrian
train/800.png,371,185,411,242,Pedestrian
train/800.png,409,988,443,1022,Pedestrian
train/800.png,439,1008,482,1042,Pedestrian
train/800.png,575,961,615,1001,Pedestrian
train/800.png,1366,584,1420,655,Biker
train/800.png,1044,668,1081,716,Biker
train/800.png,316,782,365,831,Pedestrian
train/800.png,541,296,587,335,Pedestrian
train/800.png,567,1024,607,1063,Pedestrian
train/800.png,1097,45,1153,113,Pedestrian
train/800.png,49,729,87,770,Pedestrian
train/800.png,1388,716,1422,775,Pedestrian
train/800.png,69,1033,126,1085,Biker
train/800.png,1066,770,1109,822,Biker
train/780.png,1392,378,1418,428,Pedestrian
train/780.png,193,725,241,788,Pedestrian
train/780.png,1050,539,1097,589,Pedestrian
train/780.png,1034,278,1071,351,Pedestrian
train/780.png,3,351,37,398,Pedestrian
train/780.png,698,952,731,990,Pedestrian
train/780.png,901,816,937,863,Pedestrian
train/780.png,383,185,423,242,Pedestrian
train/780.png,409,988,443,1022,Pedestrian
train/780.png,439,1010,482,1044,Pedestrian
train/780.png,575,961,615,1001,Pedestrian
train/780.png,1366,584,1420,655,Biker
train/780.png,1105,639,1143,686,Biker
train/780.png,332,768,381,818,Pedestrian
train/780.png,534,294,579,333,Pedestrian
train/780.png,567,1024,607,1063,Pedestrian
train/780.png,1075,54,1131,122,Pedestrian
train/780.png,63,704,100,745,Pedestrian
train/780.png,1388,716,1422,775,Pedestrian
train/780.png,69,1033,126,1085,Biker
train/780.png,1040,825,1083,877,Biker
train/760.png,1392,389,1418,439,Pedestrian
train/760.png,174,732,221,795,Pedestrian
train/760.png,1073,544,1121,593,Pedestrian
train/760.png,1050,265,1087,337,Pedestrian
train/760.png,3,351,37,398,Pedestrian
train/760.png,702,956,735,995,Pedestrian
train/760.png,882,834,917,881,Pedestrian
train/760.png,395,185,435,242,Pedestrian
train/760.png,409,988,443,1022,Pedestrian
train/760.png,437,1013,480,1047,Pedestrian
train/760.png,577,961,617,1001,Pedestrian
train/760.png,1366,584,1420,655,Biker
train/760.png,1164,609,1202,657,Biker
train/760.png,350,754,399,804,Pedestrian
train/760.png,526,292,571,330,Pedestrian
train/760.png,567,1024,607,1063,Pedestrian
train/760.png,1056,61,1111,129,Pedestrian
train/760.png,77,680,114,720,Pedestrian
train/760.png,1388,716,1422,775,Pedestrian
train/760.png,69,1033,126,1085,Biker
train/760.png,1022,881,1066,933,Biker
train/740.png,1394,392,1420,442,Pedestrian
train/740.png,154,736,201,800,Pedestrian
train/740.png,1097,546,1145,596,Pedestrian
train/740.png,1068,253,1105,326,Pedestrian
train/740.png,3,351,37,398,Pedestrian
train/740.png,704,958,737,997,Pedestrian
train/740.png,858,845,893,893,Pedestrian
train/740.png,407,185,446,242,Pedestrian
train/740.png,409,988,443,1022,Pedestrian
train/740.png,437,1013,480,1047,Pedestrian
train/740.png,577,963,617,1004,Pedestrian
train/740.png,1366,584,1420,655,Biker
train/740.png,1230,605,1267,652,Biker
train/740.png,367,741,417,791,Pedestrian
train/740.png,524,287,569,326,Pedestrian
train/740.png,567,1024,607,1063,Pedestrian
train/740.png,1036,70,1091,138,Pedestrian
train/740.png,92,655,130,695,Pedestrian
train/740.png,1388,716,1422,775,Pedestrian
train/740.png,69,1033,126,1085,Biker
train/740.png,1014,940,1058,992,Biker
train/720.png,1394,392,1420,442,Pedestrian
train/720.png,132,741,179,804,Pedestrian
train/720.png,1123,548,1170,598,Pedestrian
train/720.png,1085,240,1123,312,Pedestrian
train/720.png,3,351,37,398,Pedestrian
train/720.png,708,961,741,999,Pedestrian
train/720.png,832,856,868,904,Pedestrian
train/720.png,421,185,460,242,Pedestrian
train/720.png,407,988,441,1022,Pedestrian
train/720.png,435,1015,478,1049,Pedestrian
train/720.png,579,963,619,1004,Pedestrian
train/720.png,1366,584,1420,655,Biker
train/720.png,1295,598,1333,646,Biker
train/720.png,385,727,435,777,Pedestrian
train/720.png,522,285,567,324,Pedestrian
train/720.png,567,1024,607,1063,Pedestrian
train/720.png,1014,77,1069,145,Pedestrian
train/720.png,106,632,144,673,Pedestrian
train/720.png,1388,716,1422,775,Pedestrian
train/720.png,69,1033,126,1085,Biker
train/720.png,998,1001,1042,1054,Biker
train/700.png,1394,392,1420,442,Pedestrian
train/700.png,112,750,160,813,Pedestrian
train/700.png,1151,548,1198,598,Pedestrian
train/700.png,1101,222,1139,294,Pedestrian
train/700.png,3,351,37,398,Pedestrian
train/700.png,708,961,741,999,Pedestrian
train/700.png,806,868,842,915,Pedestrian
train/700.png,435,185,474,242,Pedestrian
train/700.png,403,988,437,1022,Pedestrian
train/700.png,429,1015,472,1049,Pedestrian
train/700.png,579,965,619,1004,Pedestrian
train/700.png,1364,584,1420,655,Biker
train/700.png,1360,593,1398,641,Biker
train/700.png,399,714,448,763,Pedestrian
train/700.png,522,283,567,321,Pedestrian
train/700.png,567,1024,607,1063,Pedestrian
train/700.png,994,86,1050,154,Pedestrian
train/700.png,126,612,164,652,Pedestrian
train/700.png,1388,716,1422,775,Pedestrian
train/700.png,69,1033,126,1085,Biker
train/700.png,977,1031,1020,1083,Biker
train/680.png,1394,392,1420,442,Pedestrian
train/680.png,92,759,140,822,Pedestrian
train/680.png,1178,548,1226,598,Pedestrian
train/680.png,1117,206,1155,278,Pedestrian
train/680.png,3,351,37,398,Pedestrian
train/680.png,704,958,737,997,Pedestrian
train/680.png,781,879,816,927,Pedestrian
train/680.png,448,185,488,242,Pedestrian
train/680.png,399,988,433,1022,Pedestrian
train/680.png,425,1017,468,1051,Pedestrian
train/680.png,581,965,621,1006,Pedestrian
train/680.png,1364,584,1420,655,Biker
train/680.png,1382,593,1420,641,Biker
train/680.png,415,700,464,750,Pedestrian
train/680.png,520,278,565,317,Pedestrian
train/680.png,567,1024,607,1063,Pedestrian
train/680.png,975,92,1030,160,Pedestrian
train/680.png,148,593,185,634,Pedestrian
train/680.png,1388,716,1422,775,Pedestrian
train/680.png,69,1033,126,1085,Biker
train/680.png,977,1031,1020,1083,Biker
train/660.png,1394,392,1420,442,Pedestrian
train/660.png,71,768,118,831,Pedestrian
train/660.png,1206,548,1253,598,Pedestrian
train/660.png,1133,188,1170,260,Pedestrian
train/660.png,3,351,37,398,Pedestrian
train/660.png,702,956,735,995,Pedestrian
train/660.png,757,890,793,938,Pedestrian
train/660.png,460,185,500,242,Pedestrian
train/660.png,397,990,431,1024,Pedestrian
train/660.png,421,1020,464,1054,Pedestrian
train/660.png,581,967,621,1006,Pedestrian
train/660.png,1364,584,1420,655,Biker
train/660.png,1382,593,1420,641,Biker
train/660.png,429,686,478,736,Pedestrian
train/660.png,520,276,565,315,Pedestrian
train/660.png,567,1024,607,1063,Pedestrian
train/660.png,957,102,1010,170,Pedestrian
train/660.png,176,582,213,623,Pedestrian
train/660.png,1388,716,1422,775,Pedestrian
train/660.png,69,1033,126,1085,Biker
train/660.png,977,1031,1020,1083,Biker
train/640.png,1394,392,1420,442,Pedestrian
train/640.png,51,777,98,840,Pedestrian
train/640.png,1234,550,1281,598,Pedestrian
train/640.png,1151,170,1188,242,Pedestrian
train/640.png,3,351,37,398,Pedestrian
train/640.png,700,954,733,992,Pedestrian
train/640.png,731,902,767,949,Pedestrian
train/640.png,474,185,514,240,Pedestrian
train/640.png,397,990,431,1024,Pedestrian
train/640.png,419,1020,462,1054,Pedestrian
train/640.png,583,967,623,1006,Pedestrian
train/640.png,1364,584,1418,655,Biker
train/640.png,1382,596,1420,643,Biker
train/640.png,443,675,492,725,Pedestrian
train/640.png,518,274,563,312,Pedestrian
train/640.png,567,1024,607,1063,Pedestrian
train/640.png,937,111,990,176,Pedestrian
train/640.png,207,573,245,614,Pedestrian
train/640.png,1388,716,1422,775,Pedestrian
train/640.png,69,1033,126,1085,Biker
train/640.png,977,1031,1020,1083,Biker
train/620.png,1394,392,1420,442,Pedestrian
train/620.png,33,786,81,850,Pedestrian
train/620.png,1261,553,1305,598,Pedestrian
train/620.png,1168,151,1206,224,Pedestrian
train/620.png,3,351,37,398,Pedestrian
train/620.png,698,952,731,990,Pedestrian
train/620.png,706,913,741,961,Pedestrian
train/620.png,488,185,526,240,Pedestrian
train/620.png,397,990,431,1024,Pedestrian
train/620.png,415,1020,458,1054,Pedestrian
train/620.png,583,970,623,1008,Pedestrian
train/620.png,1364,584,1418,655,Biker
train/620.png,1382,598,1420,646,Biker
train/620.png,458,661,508,711,Pedestrian
train/620.png,518,269,563,308,Pedestrian
train/620.png,567,1024,607,1063,Pedestrian
train/620.png,919,120,971,185,Pedestrian
train/620.png,235,566,272,607,Pedestrian
train/620.png,1388,716,1422,775,Pedestrian
train/620.png,69,1033,126,1085,Biker
train/620.png,977,1031,1020,1083,Biker
train/600.png,1394,392,1420,442,Pedestrian
train/600.png,17,800,65,863,Pedestrian
train/600.png,1289,555,1329,598,Pedestrian
train/600.png,1186,131,1224,204,Pedestrian
train/600.png,3,351,37,398,Pedestrian
train/600.png,696,949,729,988,Pedestrian
train/600.png,686,924,721,972,Pedestrian
train/600.png,500,188,537,238,Pedestrian
train/600.png,397,990,431,1024,Pedestrian
train/600.png,413,1022,456,1056,Pedestrian
train/600.png,585,970,624,1008,Pedestrian
train/600.png,1362,584,1418,655,Biker
train/600.png,1382,598,1420,646,Biker
train/600.png,472,648,522,698,Pedestrian
train/600.png,518,269,563,308,Pedestrian
train/600.png,567,1024,607,1063,Pedestrian
train/600.png,899,129,951,192,Pedestrian
train/600.png,267,564,304,605,Pedestrian
train/600.png,1388,716,1422,775,Pedestrian
train/600.png,69,1033,126,1085,Biker
train/600.png,977,1031,1020,1083,Biker
train/580.png,1394,392,1420,442,Pedestrian
train/580.png,1,813,49,877,Pedestrian
train/580.png,1315,557,1352,598,Pedestrian
train/580.png,1204,111,1242,183,Pedestrian
train/580.png,3,351,37,398,Pedestrian
train/580.png,694,947,727,986,Pedestrian
train/580.png,672,933,708,981,Pedestrian
train/580.png,514,188,551,238,Pedestrian
train/580.png,399,990,433,1024,Pedestrian
train/580.png,411,1022,454,1056,Pedestrian
train/580.png,585,972,624,1008,Pedestrian
train/580.png,1362,584,1418,655,Biker
train/580.png,1382,600,1420,648,Biker
train/580.png,486,634,535,684,Pedestrian
train/580.png,520,269,565,308,Pedestrian
train/580.png,567,1024,607,1063,Pedestrian
train/580.png,882,138,931,201,Pedestrian
train/580.png,296,566,334,607,Pedestrian
train/580.png,1388,716,1422,775,Pedestrian
train/580.png,69,1033,126,1085,Biker
train/580.png,977,1031,1020,1083,Biker
train/560.png,1394,392,1420,442,Pedestrian
train/560.png,0,818,47,881,Pedestrian
train/560.png,1340,559,1376,598,Pedestrian
train/560.png,1220,102,1257,174,Pedestrian
train/560.png,3,351,37,398,Pedestrian
train/560.png,690,945,723,983,Pedestrian
train/560.png,658,942,694,990,Pedestrian
train/560.png,528,188,563,235,Pedestrian
train/560.png,399,990,433,1024,Pedestrian
train/560.png,407,1022,450,1056,Pedestrian
train/560.png,587,972,626,1010,Pedestrian
train/560.png,1362,584,1418,655,Biker
train/560.png,1382,602,1420,650,Biker
train/560.png,498,616,549,666,Pedestrian
train/560.png,520,272,565,310,Pedestrian
train/560.png,567,1024,607,1063,Pedestrian
train/560.png,864,147,911,208,Pedestrian
train/560.png,322,562,363,605,Pedestrian
train/560.png,1388,716,1422,775,Pedestrian
train/560.png,69,1033,126,1085,Biker
train/560.png,977,1031,1020,1083,Biker
train/540.png,1394,392,1420,442,Pedestrian
train/540.png,0,818,47,881,Pedestrian
train/540.png,1366,555,1400,593,Pedestrian
train/540.png,1228,99,1265,172,Pedestrian
train/540.png,3,351,37,398,Pedestrian
train/540.png,690,942,725,981,Pedestrian
train/540.png,652,949,688,995,Pedestrian
train/540.png,539,190,575,235,Pedestrian
train/540.png,399,990,433,1024,Pedestrian
train/540.png,405,1024,448,1058,Pedestrian
train/540.png,587,974,626,1010,Pedestrian
train/540.png,1362,584,1418,655,Biker
train/540.png,1382,602,1420,650,Biker
train/540.png,512,600,561,650,Pedestrian
train/540.png,522,272,567,310,Pedestrian
train/540.png,567,1024,607,1063,Pedestrian
train/540.png,844,156,891,217,Pedestrian
train/540.png,348,557,393,602,Pedestrian
train/540.png,1384,716,1420,775,Pedestrian
train/540.png,69,1033,126,1085,Biker
train/540.png,977,1031,1020,1083,Biker
train/520.png,1394,392,1420,442,Pedestrian
train/520.png,0,818,47,881,Pedestrian
train/520.png,1394,550,1422,589,Pedestrian
train/520.png,1228,99,1265,172,Pedestrian
train/520.png,3,351,37,398,Pedestrian
train/520.png,702,940,741,979,Pedestrian
train/520.png,656,954,688,995,Pedestrian
train/520.png,553,190,587,233,Pedestrian
train/520.png,399,990,433,1024,Pedestrian
train/520.png,403,1024,446,1058,Pedestrian
train/520.png,589,974,628,1010,Pedestrian
train/520.png,1362,584,1418,655,Biker
train/520.png,1382,605,1420,652,Biker
train/520.png,524,584,575,634,Pedestrian
train/520.png,524,274,569,312,Pedestrian
train/520.png,567,1024,607,1063,Pedestrian
train/520.png,787,816,846,856,Biker
train/520.png,935,770,994,820,Biker
train/520.png,1157,782,1178,809,Pedestrian
train/520.png,1131,770,1158,797,Pedestrian
train/520.png,1309,750,1336,782,Pedestrian
train/520.png,1370,702,1420,743,Pedestrian
train/520.png,1026,684,1085,736,Biker
train/520.png,413,1010,433,1040,Pedestrian
train/520.png,0,920,39,970,Biker
train/520.png,826,165,872,224,Pedestrian
train/520.png,373,553,423,600,Pedestrian
train/520.png,1378,718,1414,777,Pedestrian
train/520.png,65,940,122,1004,Biker
train/520.png,977,1031,1020,1083,Biker
train/500.png,1394,392,1420,442,Pedestrian
train/500.png,0,818,47,881,Pedestrian
train/500.png,1382,553,1420,602,Pedestrian
train/500.png,1228,99,1265,172,Pedestrian
train/500.png,3,351,37,398,Pedestrian
train/500.png,715,938,759,979,Pedestrian
train/500.png,660,958,688,995,Pedestrian
train/500.png,567,192,601,233,Pedestrian
train/500.png,401,1006,421,1038,Pedestrian
train/500.png,419,1033,446,1065,Pedestrian
train/500.png,591,976,630,1013,Pedestrian
train/500.png,1362,584,1418,655,Biker
train/500.png,1382,607,1420,655,Biker
train/500.png,537,568,589,618,Pedestrian
train/500.png,526,276,571,315,Pedestrian
train/500.png,567,1024,607,1063,Pedestrian
train/500.png,836,802,893,843,Biker
train/500.png,969,763,1026,813,Biker
train/500.png,1244,768,1267,793,Pedestrian
train/500.png,1206,761,1234,788,Pedestrian
train/500.png,1309,750,1336,782,Pedestrian
train/500.png,1354,702,1404,743,Pedestrian
train/500.png,1050,682,1107,734,Biker
train/500.png,413,1010,433,1040,Pedestrian
train/500.png,0,920,39,970,Biker
train/500.png,808,174,852,233,Pedestrian
train/500.png,401,548,452,598,Pedestrian
train/500.png,1370,727,1398,759,Pedestrian
train/500.png,61,829,116,913,Biker
train/500.png,977,1031,1020,1083,Biker
train/480.png,1382,553,1420,602,Pedestrian
train/480.png,729,929,773,970,Pedestrian
train/480.png,664,958,692,995,Pedestrian
train/480.png,579,190,613,231,Pedestrian
train/480.png,401,1006,421,1038,Pedestrian
train/480.png,419,1033,446,1065,Pedestrian
train/480.png,589,976,628,1013,Pedestrian
train/480.png,551,555,603,605,Pedestrian
train/480.png,888,786,941,827,Biker
train/480.png,1000,754,1056,804,Biker
train/480.png,1329,754,1354,777,Pedestrian
train/480.png,1281,754,1309,782,Pedestrian
train/480.png,1325,748,1352,779,Pedestrian
train/480.png,1340,700,1390,741,Pedestrian
train/480.png,1073,680,1129,732,Biker
train/480.png,413,1010,433,1040,Pedestrian
train/480.png,35,911,81,961,Biker
train/480.png,795,179,838,238,Pedestrian
train/480.png,425,546,476,596,Pedestrian
train/480.png,1362,727,1390,759,Pedestrian
train/480.png,53,754,108,838,Biker
train/460.png,1382,553,1420,602,Pedestrian
train/460.png,747,929,791,970,Pedestrian
train/460.png,660,961,690,997,Pedestrian
train/460.png,591,188,624,228,Pedestrian
train/460.png,401,1006,421,1038,Pedestrian
train/460.png,419,1033,446,1065,Pedestrian
train/460.png,589,976,628,1013,Pedestrian
train/460.png,567,537,619,587,Pedestrian
train/460.png,937,772,990,813,Biker
train/460.png,1032,748,1087,797,Biker
train/460.png,1372,748,1400,770,Pedestrian
train/460.png,1356,748,1384,775,Pedestrian
train/460.png,1309,750,1336,782,Pedestrian
train/460.png,1323,700,1372,741,Pedestrian
train/460.png,1097,680,1153,729,Biker
train/460.png,413,1010,433,1040,Pedestrian
train/460.png,116,890,168,940,Biker
train/460.png,773,188,816,247,Pedestrian
train/460.png,464,541,516,591,Pedestrian
train/460.png,1338,727,1368,759,Pedestrian
train/460.png,47,650,102,734,Biker
train/440.png,1382,553,1420,602,Pedestrian
train/440.png,761,918,804,958,Pedestrian
train/440.png,650,967,680,1004,Pedestrian
train/440.png,603,185,636,226,Pedestrian
train/440.png,401,1006,421,1038,Pedestrian
train/440.png,419,1031,446,1063,Pedestrian
train/440.png,589,979,628,1015,Pedestrian
train/440.png,583,514,634,564,Pedestrian
train/440.png,986,759,1038,800,Biker
train/440.png,1066,741,1117,791,Biker
train/440.png,1372,748,1400,770,Pedestrian
train/440.png,1348,748,1376,775,Pedestrian
train/440.png,1291,745,1319,777,Pedestrian
train/440.png,1305,698,1354,738,Pedestrian
train/440.png,1121,677,1174,727,Biker
train/440.png,413,1010,433,1040,Pedestrian
train/440.png,211,868,263,918,Biker
train/440.png,749,197,793,256,Pedestrian
train/440.png,496,534,547,584,Pedestrian
train/440.png,1329,729,1358,761,Pedestrian
train/440.png,37,557,92,641,Biker
train/420.png,1382,553,1420,602,Pedestrian
train/420.png,773,911,816,952,Pedestrian
train/420.png,654,970,684,1006,Pedestrian
train/420.png,613,185,646,226,Pedestrian
train/420.png,401,1006,421,1038,Pedestrian
train/420.png,419,1031,446,1063,Pedestrian
train/420.png,589,979,628,1015,Pedestrian
train/420.png,591,507,642,557,Pedestrian
train/420.png,1036,743,1085,784,Biker
train/420.png,1097,734,1149,784,Biker
train/420.png,1362,743,1390,766,Pedestrian
train/420.png,1331,745,1358,772,Pedestrian
train/420.png,1271,745,1303,768,Pedestrian
train/420.png,1295,693,1344,736,Pedestrian
train/420.png,1145,675,1196,727,Biker
train/420.png,413,1010,433,1040,Pedestrian
train/420.png,306,852,357,902,Biker
train/420.png,723,206,767,267,Pedestrian
train/420.png,528,530,579,580,Pedestrian
train/420.png,1317,734,1346,766,Pedestrian
train/420.png,27,462,83,546,Biker
train/400.png,1382,553,1420,602,Pedestrian
train/400.png,785,906,828,947,Pedestrian
train/400.png,660,974,690,1010,Pedestrian
train/400.png,624,185,658,226,Pedestrian
train/400.png,401,1006,421,1038,Pedestrian
train/400.png,421,1029,448,1060,Pedestrian
train/400.png,589,979,628,1015,Pedestrian
train/400.png,603,498,654,548,Pedestrian
train/400.png,1085,729,1133,770,Biker
train/400.png,1129,727,1178,777,Biker
train/400.png,1348,745,1376,768,Pedestrian
train/400.png,1315,738,1342,766,Pedestrian
train/400.png,1259,743,1289,766,Pedestrian
train/400.png,1285,691,1335,734,Pedestrian
train/400.png,1168,673,1220,725,Biker
train/400.png,413,1010,433,1040,Pedestrian
train/400.png,399,843,450,893,Biker
train/400.png,702,213,745,274,Pedestrian
train/400.png,551,523,603,573,Pedestrian
train/400.png,1303,734,1333,766,Pedestrian
train/400.png,17,367,73,451,Biker
train/380.png,1382,553,1420,602,Pedestrian
train/380.png,797,899,840,940,Pedestrian
train/380.png,664,970,694,1006,Pedestrian
train/380.png,636,185,670,226,Pedestrian
train/380.png,401,1006,421,1038,Pedestrian
train/380.png,421,1029,448,1060,Pedestrian
train/380.png,589,981,628,1017,Pedestrian
train/380.png,621,487,672,537,Pedestrian
train/380.png,1135,716,1182,757,Biker
train/380.png,1162,718,1210,768,Biker
train/380.png,1331,752,1358,775,Pedestrian
train/380.png,1301,748,1329,775,Pedestrian
train/380.png,1247,741,1275,763,Pedestrian
train/380.png,1275,686,1325,729,Pedestrian
train/380.png,1192,670,1242,723,Biker
train/380.png,413,1010,433,1040,Pedestrian
train/380.png,500,831,551,881,Biker
train/380.png,682,215,725,276,Pedestrian
train/380.png,581,519,632,568,Pedestrian
train/380.png,1285,732,1315,763,Pedestrian
train/380.png,19,272,75,355,Biker
train/360.png,1382,553,1420,602,Pedestrian
train/360.png,802,895,846,936,Pedestrian
train/360.png,666,974,696,1010,Pedestrian
train/360.png,648,185,682,226,Pedestrian
train/360.png,401,1006,421,1038,Pedestrian
train/360.png,421,1026,448,1058,Pedestrian
train/360.png,585,976,624,1013,Pedestrian
train/360.png,636,473,688,523,Pedestrian
train/360.png,1184,700,1230,741,Biker
train/360.png,1194,711,1240,761,Biker
train/360.png,1319,750,1346,772,Pedestrian
train/360.png,1285,748,1313,775,Pedestrian
train/360.png,1240,734,1267,757,Pedestrian
train/360.png,1263,673,1313,716,Pedestrian
train/360.png,1216,668,1263,720,Biker
train/360.png,413,1010,433,1040,Pedestrian
train/360.png,599,829,650,879,Biker
train/360.png,662,217,706,278,Pedestrian
train/360.png,611,516,662,566,Pedestrian
train/360.png,1265,732,1295,763,Pedestrian
train/360.png,25,183,81,267,Biker
train/340.png,1382,553,1420,602,Pedestrian
train/340.png,804,895,848,936,Pedestrian
train/340.png,666,983,696,1020,Pedestrian
train/340.png,660,185,694,226,Pedestrian
train/340.png,401,1006,421,1038,Pedestrian
train/340.png,423,1026,450,1058,Pedestrian
train/340.png,579,974,619,1010,Pedestrian
train/340.png,660,455,712,505,Pedestrian
train/340.png,1234,686,1277,727,Biker
train/340.png,1226,704,1271,754,Biker
train/340.png,1295,752,1323,775,Pedestrian
train/340.png,1275,750,1303,777,Pedestrian
train/340.png,1232,727,1259,750,Pedestrian
train/340.png,1249,666,1299,709,Pedestrian
train/340.png,1240,668,1287,718,Biker
train/340.png,413,1010,433,1040,Pedestrian
train/340.png,672,811,723,861,Biker
train/340.png,644,219,688,281,Pedestrian
train/340.png,642,516,694,566,Pedestrian
train/340.png,1249,732,1279,763,Pedestrian
train/340.png,33,104,89,188,Biker
train/320.png,1382,553,1420,602,Pedestrian
train/320.png,806,893,850,933,Pedestrian
train/320.png,648,988,678,1024,Pedestrian
train/320.png,672,185,706,226,Pedestrian
train/320.png,401,1006,421,1038,Pedestrian
train/320.png,423,1024,450,1056,Pedestrian
train/320.png,569,970,609,1006,Pedestrian
train/320.png,680,435,731,485,Pedestrian
train/320.png,1285,673,1325,714,Biker
train/320.png,1259,698,1301,748,Biker
train/320.png,1279,752,1307,775,Pedestrian
train/320.png,1249,750,1277,777,Pedestrian
train/320.png,1226,723,1253,745,Pedestrian
train/320.png,1234,664,1283,707,Pedestrian
train/320.png,1263,666,1309,716,Biker
train/320.png,413,1010,433,1040,Pedestrian
train/320.png,787,793,838,843,Biker
train/320.png,624,222,668,283,Pedestrian
train/320.png,672,514,723,564,Pedestrian
train/320.png,1238,732,1267,763,Pedestrian
train/320.png,39,11,94,95,Biker
train/300.png,1382,553,1420,602,Pedestrian
train/300.png,808,893,852,933,Pedestrian
train/300.png,632,990,662,1026,Pedestrian
train/300.png,684,183,717,224,Pedestrian
train/300.png,401,1006,421,1038,Pedestrian
train/300.png,425,1024,452,1056,Pedestrian
train/300.png,557,967,597,1004,Pedestrian
train/300.png,694,421,745,471,Pedestrian
train/300.png,1335,659,1372,700,Biker
train/300.png,1291,691,1333,741,Biker
train/300.png,1261,754,1289,779,Pedestrian
train/300.png,1232,750,1259,777,Pedestrian
train/300.png,1218,709,1246,732,Pedestrian
train/300.png,1218,677,1267,720,Pedestrian
train/300.png,1287,664,1331,714,Biker
train/300.png,413,1010,433,1040,Pedestrian
train/300.png,880,750,931,800,Biker
train/300.png,603,219,646,281,Pedestrian
train/300.png,704,514,755,564,Pedestrian
train/300.png,1224,732,1253,763,Pedestrian
train/300.png,39,13,94,97,Biker
train/280.png,1382,553,1420,602,Pedestrian
train/280.png,808,888,852,929,Pedestrian
train/280.png,621,992,650,1029,Pedestrian
train/280.png,698,181,731,222,Pedestrian
train/280.png,401,1006,421,1038,Pedestrian
train/280.png,425,1022,452,1054,Pedestrian
train/280.png,549,967,589,1004,Pedestrian
train/280.png,710,408,761,457,Pedestrian
train/280.png,1382,646,1420,686,Biker
train/280.png,1323,684,1362,734,Biker
train/280.png,1249,757,1275,782,Pedestrian
train/280.png,1214,748,1242,775,Pedestrian
train/280.png,1202,704,1242,729,Pedestrian
train/280.png,1192,670,1242,714,Pedestrian
train/280.png,1311,661,1354,711,Biker
train/280.png,413,1010,433,1040,Pedestrian
train/280.png,955,709,1006,759,Biker
train/280.png,579,215,623,276,Pedestrian
train/280.png,737,516,789,566,Pedestrian
train/280.png,1212,727,1242,759,Pedestrian
train/280.png,39,15,94,99,Biker
train/260.png,1382,553,1420,602,Pedestrian
train/260.png,808,884,852,924,Pedestrian
train/260.png,597,1001,626,1038,Pedestrian
train/260.png,710,176,743,217,Pedestrian
train/260.png,401,1006,421,1038,Pedestrian
train/260.png,427,1022,454,1054,Pedestrian
train/260.png,543,967,583,1004,Pedestrian
train/260.png,723,394,775,444,Pedestrian
train/260.png,1335,648,1394,689,Biker
train/260.png,1356,675,1394,725,Biker
train/260.png,1236,757,1259,782,Pedestrian
train/260.png,1200,743,1228,770,Pedestrian
train/260.png,1184,707,1224,732,Pedestrian
train/260.png,1184,675,1234,718,Pedestrian
train/260.png,1335,659,1376,709,Biker
train/260.png,413,1010,433,1040,Pedestrian
train/260.png,1048,650,1099,700,Biker
train/260.png,557,210,601,272,Pedestrian
train/260.png,773,519,824,568,Pedestrian
train/260.png,1200,725,1230,757,Pedestrian
train/260.png,39,20,94,104,Biker
train/240.png,1382,553,1420,602,Pedestrian
train/240.png,808,886,852,927,Pedestrian
train/240.png,579,1001,609,1038,Pedestrian
train/240.png,721,176,755,217,Pedestrian
train/240.png,401,1006,421,1038,Pedestrian
train/240.png,425,1022,452,1054,Pedestrian
train/240.png,543,967,583,1004,Pedestrian
train/240.png,739,380,791,430,Pedestrian
train/240.png,1271,652,1331,693,Biker
train/240.png,1382,670,1420,720,Biker
train/240.png,1226,757,1246,784,Pedestrian
train/240.png,1190,738,1218,766,Pedestrian
train/240.png,1174,707,1204,734,Pedestrian
train/240.png,1172,686,1222,729,Pedestrian
train/240.png,1358,657,1398,707,Biker
train/240.png,413,1010,433,1040,Pedestrian
train/240.png,1143,621,1194,670,Biker
train/240.png,534,204,577,265,Pedestrian
train/240.png,808,521,860,571,Pedestrian
train/240.png,1190,723,1220,752,Pedestrian
train/240.png,37,22,92,106,Biker
train/220.png,1382,553,1420,602,Pedestrian
train/220.png,808,893,852,933,Pedestrian
train/220.png,579,1006,609,1042,Pedestrian
train/220.png,733,179,767,219,Pedestrian
train/220.png,401,1006,421,1038,Pedestrian
train/220.png,425,1024,452,1056,Pedestrian
train/220.png,547,972,587,1008,Pedestrian
train/220.png,757,369,808,419,Pedestrian
train/220.png,1214,639,1273,680,Biker
train/220.png,1321,670,1380,720,Biker
train/220.png,1212,757,1232,784,Pedestrian
train/220.png,1174,743,1202,770,Pedestrian
train/220.png,1162,711,1194,734,Pedestrian
train/220.png,1157,691,1206,734,Pedestrian
train/220.png,1382,657,1422,707,Biker
train/220.png,413,1010,433,1040,Pedestrian
train/220.png,1230,589,1281,639,Biker
train/220.png,512,190,555,251,Pedestrian
train/220.png,842,523,893,573,Pedestrian
train/220.png,1178,720,1208,750,Pedestrian
train/220.png,37,27,92,111,Biker
train/200.png,1382,553,1420,602,Pedestrian
train/200.png,808,899,852,940,Pedestrian
train/200.png,579,1006,609,1042,Pedestrian
train/200.png,743,179,777,219,Pedestrian
train/200.png,401,1006,421,1038,Pedestrian
train/200.png,425,1026,452,1058,Pedestrian
train/200.png,551,976,591,1013,Pedestrian
train/200.png,775,358,826,408,Pedestrian
train/200.png,1133,646,1190,686,Biker
train/200.png,1255,668,1315,718,Biker
train/200.png,1196,761,1216,788,Pedestrian
train/200.png,1158,745,1186,772,Pedestrian
train/200.png,1145,714,1176,736,Pedestrian
train/200.png,1143,695,1192,738,Pedestrian
train/200.png,1352,650,1406,700,Biker
train/200.png,413,1010,433,1040,Pedestrian
train/200.png,1336,587,1386,636,Biker
train/200.png,490,176,534,238,Pedestrian
train/200.png,874,523,925,573,Pedestrian
train/200.png,1168,720,1198,750,Pedestrian
train/200.png,37,29,92,113,Biker
train/180.png,1382,553,1420,602,Pedestrian
train/180.png,806,902,850,942,Pedestrian
train/180.png,579,1006,609,1042,Pedestrian
train/180.png,755,181,791,222,Pedestrian
train/180.png,401,1006,421,1038,Pedestrian
train/180.png,425,1029,452,1060,Pedestrian
train/180.png,553,979,593,1015,Pedestrian
train/180.png,791,344,842,394,Pedestrian
train/180.png,1089,661,1147,702,Biker
train/180.png,1202,652,1261,702,Biker
train/180.png,1178,766,1198,793,Pedestrian
train/180.png,1143,748,1170,775,Pedestrian
train/180.png,1133,718,1164,741,Pedestrian
train/180.png,1125,700,1174,743,Pedestrian
train/180.png,1289,650,1348,700,Biker
train/180.png,413,1010,433,1040,Pedestrian
train/180.png,1368,587,1418,634,Biker
train/180.png,472,167,516,228,Pedestrian
train/180.png,905,523,957,573,Pedestrian
train/180.png,1137,732,1166,761,Pedestrian
train/180.png,37,34,92,117,Biker
train/160.png,1382,553,1420,602,Pedestrian
train/160.png,804,902,848,942,Pedestrian
train/160.png,579,1006,609,1042,Pedestrian
train/160.png,767,181,810,226,Pedestrian
train/160.png,401,1006,421,1038,Pedestrian
train/160.png,425,1029,452,1060,Pedestrian
train/160.png,557,981,597,1017,Pedestrian
train/160.png,804,328,856,378,Pedestrian
train/160.png,1022,686,1079,727,Biker
train/160.png,1133,643,1192,693,Biker
train/160.png,1164,763,1184,791,Pedestrian
train/160.png,1131,752,1158,779,Pedestrian
train/160.png,1119,723,1143,750,Pedestrian
train/160.png,1109,704,1158,748,Pedestrian
train/160.png,1230,650,1289,700,Biker
train/160.png,413,1010,433,1040,Pedestrian
train/160.png,1368,587,1418,634,Biker
train/160.png,460,160,504,222,Pedestrian
train/160.png,935,523,986,573,Pedestrian
train/160.png,1123,732,1153,763,Pedestrian
train/160.png,35,36,90,120,Biker
train/140.png,1382,553,1420,602,Pedestrian
train/140.png,802,902,846,942,Pedestrian
train/140.png,579,1004,609,1040,Pedestrian
train/140.png,779,181,822,226,Pedestrian
train/140.png,401,1006,421,1038,Pedestrian
train/140.png,425,1031,452,1063,Pedestrian
train/140.png,577,983,617,1020,Pedestrian
train/140.png,820,315,872,364,Pedestrian
train/140.png,947,734,1004,775,Biker
train/140.png,1075,659,1135,709,Biker
train/140.png,1151,763,1170,791,Pedestrian
train/140.png,1119,754,1147,782,Pedestrian
train/140.png,1107,727,1131,754,Pedestrian
train/140.png,1095,709,1145,752,Pedestrian
train/140.png,1151,655,1210,707,Biker
train/140.png,413,1010,433,1040,Pedestrian
train/140.png,1368,587,1418,634,Biker
train/140.png,460,160,504,222,Pedestrian
train/140.png,961,523,1012,573,Pedestrian
train/140.png,1111,734,1141,766,Pedestrian
train/140.png,35,38,90,122,Biker
train/120.png,1382,553,1420,602,Pedestrian
train/120.png,801,902,844,942,Pedestrian
train/120.png,579,1004,609,1040,Pedestrian
train/120.png,793,181,836,226,Pedestrian
train/120.png,399,1004,419,1035,Pedestrian
train/120.png,425,1033,452,1065,Pedestrian
train/120.png,581,983,621,1020,Pedestrian
train/120.png,836,303,888,353,Pedestrian
train/120.png,895,768,953,809,Biker
train/120.png,1028,693,1087,743,Biker
train/120.png,1137,772,1157,800,Pedestrian
train/120.png,1109,763,1137,791,Pedestrian
train/120.png,1093,734,1117,761,Pedestrian
train/120.png,1083,714,1133,757,Pedestrian
train/120.png,1093,668,1153,720,Biker
train/120.png,413,1010,433,1040,Pedestrian
train/120.png,1368,587,1418,634,Biker
train/120.png,460,163,504,224,Pedestrian
train/120.png,992,528,1044,578,Pedestrian
train/120.png,1099,738,1127,770,Pedestrian
train/120.png,35,43,90,126,Biker
train/100.png,1382,553,1420,602,Pedestrian
train/100.png,801,902,844,942,Pedestrian
train/100.png,581,1004,611,1040,Pedestrian
train/100.png,806,179,850,224,Pedestrian
train/100.png,399,1001,419,1033,Pedestrian
train/100.png,425,1035,452,1067,Pedestrian
train/100.png,589,979,628,1015,Pedestrian
train/100.png,852,292,903,342,Pedestrian
train/100.png,828,800,888,840,Biker
train/100.png,975,727,1034,777,Biker
train/100.png,1123,779,1143,806,Pedestrian
train/100.png,1097,772,1125,800,Pedestrian
train/100.png,1081,745,1105,772,Pedestrian
train/100.png,1071,718,1121,761,Pedestrian
train/100.png,1024,682,1083,734,Biker
train/100.png,413,1010,433,1040,Pedestrian
train/100.png,1368,587,1418,634,Biker
train/100.png,462,165,504,226,Pedestrian
train/100.png,1032,537,1083,587,Pedestrian
train/100.png,1087,761,1115,793,Pedestrian
train/100.png,35,45,90,129,Biker
train/80.png,1382,553,1420,602,Pedestrian
train/80.png,787,899,830,940,Pedestrian
train/80.png,581,1004,611,1040,Pedestrian
train/80.png,818,174,862,219,Pedestrian
train/80.png,399,1001,419,1033,Pedestrian
train/80.png,421,1033,450,1067,Pedestrian
train/80.png,591,976,630,1013,Pedestrian
train/80.png,866,278,917,328,Pedestrian
train/80.png,761,825,820,865,Biker
train/80.png,919,775,979,825,Biker
train/80.png,1109,791,1129,818,Pedestrian
train/80.png,1085,782,1113,809,Pedestrian
train/80.png,1069,757,1097,784,Pedestrian
train/80.png,1052,723,1101,766,Pedestrian
train/80.png,975,702,1034,754,Biker
train/80.png,413,1010,433,1040,Pedestrian
train/80.png,1368,587,1418,634,Biker
train/80.png,462,167,506,228,Pedestrian
train/80.png,1046,537,1097,587,Pedestrian
train/80.png,1075,768,1103,800,Pedestrian
train/80.png,33,49,89,133,Biker
train/60.png,1382,553,1420,602,Pedestrian
train/60.png,775,899,818,940,Pedestrian
train/60.png,581,1001,611,1038,Pedestrian
train/60.png,832,174,876,219,Pedestrian
train/60.png,399,999,419,1031,Pedestrian
train/60.png,419,1033,448,1067,Pedestrian
train/60.png,589,976,628,1013,Pedestrian
train/60.png,880,265,933,315,Pedestrian
train/60.png,684,838,743,879,Biker
train/60.png,882,811,941,861,Biker
train/60.png,1097,802,1117,829,Pedestrian
train/60.png,1075,791,1103,818,Pedestrian
train/60.png,1050,768,1083,802,Pedestrian
train/60.png,1038,741,1087,784,Pedestrian
train/60.png,915,738,975,791,Biker
train/60.png,413,1010,433,1040,Pedestrian
train/60.png,1368,587,1418,634,Biker
train/60.png,462,167,506,228,Pedestrian
train/60.png,1085,557,1137,609,Pedestrian
train/60.png,1066,775,1093,806,Pedestrian
train/60.png,33,52,89,136,Biker
train/40.png,1382,553,1420,602,Pedestrian
train/40.png,763,899,806,940,Pedestrian
train/40.png,581,1001,611,1038,Pedestrian
train/40.png,848,174,891,219,Pedestrian
train/40.png,399,999,419,1031,Pedestrian
train/40.png,417,1033,446,1067,Pedestrian
train/40.png,587,976,626,1013,Pedestrian
train/40.png,895,253,949,303,Pedestrian
train/40.png,607,852,666,893,Biker
train/40.png,824,847,884,897,Biker
train/40.png,1089,811,1109,838,Pedestrian
train/40.png,1066,802,1093,829,Pedestrian
train/40.png,1040,777,1068,818,Pedestrian
train/40.png,1026,754,1075,797,Pedestrian
train/40.png,868,770,927,822,Biker
train/40.png,413,1010,433,1040,Pedestrian
train/40.png,1368,587,1418,634,Biker
train/40.png,464,170,506,231,Pedestrian
train/40.png,1119,559,1170,612,Pedestrian
train/40.png,1056,786,1083,818,Pedestrian
train/40.png,33,56,89,140,Biker
train/0.png,1382,553,1420,602,Pedestrian
train/0.png,735,897,779,940,Pedestrian
train/0.png,583,1001,613,1038,Pedestrian
train/0.png,878,160,917,206,Pedestrian
train/0.png,399,997,419,1029,Pedestrian
train/0.png,413,1033,443,1067,Pedestrian
train/0.png,579,983,619,1020,Pedestrian
train/0.png,925,213,979,260,Pedestrian
train/0.png,456,877,518,913,Biker
train/0.png,692,861,749,911,Biker
train/0.png,1069,831,1091,859,Pedestrian
train/0.png,1046,827,1073,854,Pedestrian
train/0.png,1022,797,1054,843,Pedestrian
train/0.png,1014,782,1064,825,Pedestrian
train/0.png,755,825,810,877,Biker
train/0.png,413,1010,433,1040,Pedestrian
train/0.png,1368,587,1418,634,Biker
train/0.png,466,174,508,235,Pedestrian
train/0.png,1174,559,1224,612,Pedestrian
train/0.png,1036,809,1064,840,Pedestrian
train/0.png,33,63,89,147,Biker
